Time (of day);Time (seconds);Time;Channel0;Channel1;Channel2;Channel3;Channel4;Channel5;Channel6;Channel7
0.509020671;0.000000000;2021-11-24 12:12:59.386;#N/A;#N/A;#N/A;#N/A;#N/A;#N/A;24.92;#N/A
0.509031678;0.951000047;2021-11-24 12:13:00.337;#N/A;#N/A;#N/A;24.96;#N/A;#N/A;24.92;#N/A
0.509055579;3.015999659;2021-11-24 12:13:02.402;#N/A;#N/A;#N/A;24.96;#N/A;#N/A;24.92;24.86
0.509065845;3.902999475;2021-11-24 12:13:03.289;24.9;#N/A;#N/A;24.96;#N/A;#N/A;24.92;24.86
0.509077604;4.918999923;2021-11-24 12:13:04.305;24.9;24.78;#N/A;24.96;#N/A;#N/A;24.92;24.86
0.509089363;5.934999743;2021-11-24 12:13:05.321;24.9;24.78;24.76;24.96;#N/A;#N/A;24.92;24.86
0.509101319;6.967999949;2021-11-24 12:13:06.354;24.9;24.78;24.76;24.96;25.54;#N/A;24.92;24.86
0.509101516;6.984999706;2021-11-24 12:13:06.371;24.9;24.78;24.76;24.96;25.54;24.86;24.92;24.86
0.509112141;7.902999781;2021-11-24 12:13:07.289;24.82;24.78;24.76;24.96;25.54;24.86;24.92;24.86
0.509124086;8.934999816;2021-11-24 12:13:08.321;24.82;24.78;24.82;24.96;25.54;24.86;24.92;24.86
0.509124282;8.951999573;2021-11-24 12:13:08.338;24.82;24.78;24.82;25.02;25.54;24.86;24.92;24.86
0.509124468;8.967999788;2021-11-24 12:13:08.354;24.82;24.78;24.82;25.02;25.6;24.86;24.92;24.86
0.509135289;9.902999620;2021-11-24 12:13:09.289;24.7;24.78;24.82;25.02;25.6;24.86;24.92;24.86
0.509135475;9.918999835;2021-11-24 12:13:09.305;24.7;24.68;24.82;25.02;25.6;24.86;24.92;24.86
0.509135845;9.950999636;2021-11-24 12:13:09.337;24.7;24.68;24.82;24.94;25.6;24.86;24.92;24.86
0.509136586;10.014999867;2021-11-24 12:13:09.401;24.7;24.68;24.82;24.94;25.6;24.86;24.92;24.72
0.509146863;10.902999854;2021-11-24 12:13:10.289;24.5;24.68;24.82;24.94;25.6;24.86;24.92;24.72
0.509147049;10.918999440;2021-11-24 12:13:10.305;24.5;24.6;24.82;24.94;25.6;24.86;24.92;24.72
0.509158808;11.934999889;2021-11-24 12:13:11.321;24.5;24.6;24.74;24.94;25.6;24.86;24.92;24.72
0.509159190;11.967999861;2021-11-24 12:13:11.354;24.5;24.6;24.74;24.94;25.54;24.86;24.92;24.72
0.509159375;11.983999447;2021-11-24 12:13:11.370;24.5;24.6;24.74;24.94;25.54;24.92;24.92;24.72
0.509181586;13.902999926;2021-11-24 12:13:13.289;24.44;24.6;24.74;24.94;25.54;24.92;24.92;24.72
0.509193345;14.918999746;2021-11-24 12:13:14.305;24.44;24.66;24.74;24.94;25.54;24.92;24.92;24.72
0.509204734;15.902999765;2021-11-24 12:13:15.289;24.52;24.66;24.74;24.94;25.54;24.92;24.92;24.72
0.509205671;15.983999753;2021-11-24 12:13:15.370;24.52;24.66;24.74;24.94;25.54;24.86;24.92;24.72
0.509216493;16.918999585;2021-11-24 12:13:16.305;24.52;24.72;24.74;24.94;25.54;24.86;24.92;24.72
0.509228252;17.935000034;2021-11-24 12:13:17.321;24.52;24.72;24.8;24.94;25.54;24.86;24.92;24.72
0.509229190;18.016000022;2021-11-24 12:13:17.402;24.52;24.72;24.8;24.94;25.54;24.86;24.92;24.78
0.509239456;18.902999838;2021-11-24 12:13:18.289;24.66;24.72;24.8;24.94;25.54;24.86;24.92;24.78
0.509262975;20.934999478;2021-11-24 12:13:20.321;24.66;24.72;24.74;24.94;25.54;24.86;24.92;24.78
0.509274178;21.902999910;2021-11-24 12:13:21.289;24.72;24.72;24.74;24.94;25.54;24.86;24.92;24.78
0.509298657;24.017999880;2021-11-24 12:13:23.404;24.72;24.72;24.74;24.94;25.54;24.86;24.92;24.84
0.509321424;25.984999747;2021-11-24 12:13:25.371;24.72;24.72;24.74;24.94;25.54;24.92;24.92;24.84
0.509356516;29.016999621;2021-11-24 12:13:28.403;24.72;24.72;24.74;24.94;25.54;24.92;24.92;24.78
0.509366759;29.901999724;2021-11-24 12:13:29.288;24.82;24.72;24.74;24.94;25.54;24.92;24.92;24.78
0.509390868;31.984999892;2021-11-24 12:13:31.371;24.82;24.72;24.74;24.94;25.54;24.86;24.92;24.78
0.509391238;32.016999694;2021-11-24 12:13:31.403;24.82;24.72;24.74;24.94;25.54;24.86;24.92;24.7
0.509436968;35.967999813;2021-11-24 12:13:35.354;24.82;24.72;24.74;24.94;25.46;24.86;24.92;24.7
0.509447789;36.902999645;2021-11-24 12:13:36.289;24.76;24.72;24.74;24.94;25.46;24.86;24.92;24.7
0.509448542;36.968000047;2021-11-24 12:13:36.354;24.76;24.72;24.74;24.94;25.54;24.86;24.92;24.7
0.509460313;37.985000038;2021-11-24 12:13:37.371;24.76;24.72;24.74;24.94;25.54;24.92;24.92;24.7
0.509470937;38.902999484;2021-11-24 12:13:38.289;24.62;24.72;24.74;24.94;25.54;24.92;24.92;24.7
0.509483079;39.951999905;2021-11-24 12:13:39.338;24.62;24.72;24.74;25.00;25.54;24.92;24.92;24.7
0.509483461;39.984999876;2021-11-24 12:13:39.371;24.62;24.72;24.74;25.00;25.54;24.86;24.92;24.7
0.509483831;40.016999678;2021-11-24 12:13:39.403;24.62;24.72;24.74;25.00;25.54;24.86;24.92;24.76
0.509505660;41.902999557;2021-11-24 12:13:41.289;24.7;24.72;24.74;25.00;25.54;24.86;24.92;24.76
0.509506215;41.950999573;2021-11-24 12:13:41.337;24.7;24.72;24.74;24.92;25.54;24.86;24.92;24.76
0.509506412;41.967999958;2021-11-24 12:13:41.354;24.7;24.72;24.74;24.92;25.44;24.86;24.92;24.76
0.509517234;42.902999790;2021-11-24 12:13:42.289;24.76;24.72;24.74;24.92;25.44;24.86;24.92;24.76
0.509517789;42.950999807;2021-11-24 12:13:42.337;24.76;24.72;24.74;24.98;25.44;24.86;24.92;24.76
0.509517986;42.967999564;2021-11-24 12:13:42.354;24.76;24.72;24.74;24.98;25.52;24.86;24.92;24.76
0.509528808;43.903000024;2021-11-24 12:13:43.289;24.7;24.72;24.74;24.98;25.52;24.86;24.92;24.76
0.509541331;44.984999788;2021-11-24 12:13:44.371;24.7;24.72;24.74;24.98;25.52;24.94;24.92;24.76
0.509541516;45.001000003;2021-11-24 12:13:44.387;24.7;24.72;24.74;24.98;25.52;24.94;24.98;24.76
0.509552141;45.918999449;2021-11-24 12:13:45.305;24.7;24.64;24.74;24.98;25.52;24.94;24.98;24.76
0.509552512;45.950999879;2021-11-24 12:13:45.337;24.7;24.64;24.74;24.9;25.52;24.94;24.98;24.76
0.509552708;45.967999636;2021-11-24 12:13:45.354;24.7;24.64;24.74;24.9;25.46;24.94;24.98;24.76
0.509552894;45.983999851;2021-11-24 12:13:45.370;24.7;24.64;24.74;24.9;25.46;24.88;24.98;24.76
0.509553079;45.999999437;2021-11-24 12:13:45.386;24.7;24.64;24.74;24.9;25.46;24.88;24.88;24.76
0.509553264;46.015999652;2021-11-24 12:13:45.402;24.7;24.64;24.74;24.9;25.46;24.88;24.88;24.7
0.509563530;46.902999468;2021-11-24 12:13:46.289;24.82;24.64;24.74;24.9;25.46;24.88;24.88;24.7
0.509563715;46.918999683;2021-11-24 12:13:46.305;24.82;24.72;24.74;24.9;25.46;24.88;24.88;24.7
0.509564468;46.983999456;2021-11-24 12:13:46.370;24.82;24.72;24.74;24.9;25.46;24.94;24.88;24.7
0.509564653;46.999999671;2021-11-24 12:13:46.386;24.82;24.72;24.74;24.9;25.46;24.94;24.94;24.7
0.509564838;47.015999886;2021-11-24 12:13:46.402;24.82;24.72;24.74;24.9;25.46;24.94;24.94;24.76
0.509575104;47.902999702;2021-11-24 12:13:47.289;24.76;24.72;24.74;24.9;25.46;24.94;24.94;24.76
0.509575289;47.918999917;2021-11-24 12:13:47.305;24.76;24.64;24.74;24.9;25.46;24.94;24.94;24.76
0.509576042;47.983999690;2021-11-24 12:13:47.370;24.76;24.64;24.74;24.9;25.46;24.88;24.94;24.76
0.509587812;49.000999681;2021-11-24 12:13:48.387;24.76;24.64;24.74;24.9;25.46;24.88;24.88;24.76
0.509598819;49.951999728;2021-11-24 12:13:49.338;24.76;24.64;24.74;25.00;25.46;24.88;24.88;24.76
0.509599375;49.999999744;2021-11-24 12:13:49.386;24.76;24.64;24.74;25.00;25.46;24.88;24.94;24.76
0.509610197;50.934999576;2021-11-24 12:13:50.321;24.76;24.64;24.68;25.00;25.46;24.88;24.94;24.76
0.509610382;50.950999791;2021-11-24 12:13:50.337;24.76;24.64;24.68;24.94;25.46;24.88;24.94;24.76
0.509611134;51.015999564;2021-11-24 12:13:50.402;24.76;24.64;24.68;24.94;25.46;24.88;24.94;24.7
0.509632975;52.902999613;2021-11-24 12:13:52.289;24.66;24.64;24.68;24.94;25.46;24.88;24.94;24.7
0.509634097;52.999999817;2021-11-24 12:13:52.386;24.66;24.64;24.68;24.94;25.46;24.88;24.88;24.7
0.509644549;53.902999847;2021-11-24 12:13:53.289;24.6;24.64;24.68;24.94;25.46;24.88;24.88;24.7
0.509656123;54.902999452;2021-11-24 12:13:54.289;24.52;24.64;24.68;24.94;25.46;24.88;24.88;24.7
0.509679271;56.902999920;2021-11-24 12:13:56.289;24.42;24.64;24.68;24.94;25.46;24.88;24.88;24.7
0.509691215;57.934999955;2021-11-24 12:13:57.321;24.42;24.64;24.74;24.94;25.46;24.88;24.88;24.7
0.509702419;58.902999759;2021-11-24 12:13:58.289;24.48;24.64;24.74;24.94;25.46;24.88;24.88;24.7
0.509703727;59.015999548;2021-11-24 12:13:58.402;24.48;24.64;24.74;24.94;25.46;24.88;24.88;24.76
0.509738461;62.016999791;2021-11-24 12:14:01.403;24.48;24.64;24.74;24.94;25.46;24.88;24.88;24.68
0.509748715;62.902999436;2021-11-24 12:14:02.289;24.54;24.64;24.74;24.94;25.46;24.88;24.88;24.68
0.509761424;64.001000044;2021-11-24 12:14:03.387;24.54;24.64;24.74;24.94;25.46;24.88;24.94;24.68
0.509796146;67.000999488;2021-11-24 12:14:06.387;24.54;24.64;24.74;24.94;25.46;24.88;24.88;24.68
0.509807720;68.000999722;2021-11-24 12:14:07.387;24.54;24.64;24.74;24.94;25.46;24.88;24.94;24.68
0.509807905;68.016999937;2021-11-24 12:14:07.403;24.54;24.64;24.74;24.94;25.46;24.88;24.94;24.76
0.509818160;68.902999582;2021-11-24 12:14:08.289;24.62;24.64;24.74;24.94;25.46;24.88;24.94;24.76
0.509830486;69.967999589;2021-11-24 12:14:09.354;24.62;24.64;24.74;24.94;25.4;24.88;24.94;24.76
0.509854201;72.016999614;2021-11-24 12:14:11.403;24.62;24.64;24.74;24.94;25.4;24.88;24.94;24.7
0.509864456;72.902999888;2021-11-24 12:14:12.289;24.7;24.64;24.74;24.94;25.4;24.88;24.94;24.7
0.509876586;73.950999510;2021-11-24 12:14:13.337;24.7;24.64;24.74;24.88;25.4;24.88;24.94;24.7
0.509877130;73.997999984;2021-11-24 12:14:13.384;24.7;24.64;24.74;24.88;25.4;24.88;24.88;24.7
0.509887778;74.917999771;2021-11-24 12:14:14.304;24.7;24.58;24.74;24.88;25.4;24.88;24.88;24.7
0.509899549;75.934999762;2021-11-24 12:14:15.321;24.7;24.58;24.68;24.88;25.4;24.88;24.88;24.7
0.509899734;75.950999977;2021-11-24 12:14:15.337;24.7;24.58;24.68;24.94;25.4;24.88;24.88;24.7
0.509900301;75.999999535;2021-11-24 12:14:15.386;24.7;24.58;24.68;24.94;25.4;24.88;24.96;24.7
0.509910938;76.918999781;2021-11-24 12:14:16.305;24.7;24.52;24.68;24.94;25.4;24.88;24.96;24.7
0.509911875;76.999999769;2021-11-24 12:14:16.386;24.7;24.52;24.68;24.94;25.4;24.88;24.82;24.7
0.509922315;77.901999629;2021-11-24 12:14:17.288;24.62;24.52;24.68;24.94;25.4;24.88;24.82;24.7
0.509922697;77.934999601;2021-11-24 12:14:17.321;24.62;24.52;24.62;24.94;25.4;24.88;24.82;24.7
0.509922882;77.950999816;2021-11-24 12:14:17.337;24.62;24.52;24.62;24.82;25.4;24.88;24.82;24.7
0.509923079;77.967999573;2021-11-24 12:14:17.354;24.62;24.52;24.62;24.82;25.3;24.88;24.82;24.7
0.509923449;78.000000003;2021-11-24 12:14:17.386;24.62;24.52;24.62;24.82;25.3;24.88;24.92;24.7
0.509923634;78.015999589;2021-11-24 12:14:17.402;24.62;24.52;24.62;24.82;25.3;24.88;24.92;24.76
0.509933889;78.901999863;2021-11-24 12:14:18.288;24.7;24.52;24.62;24.82;25.3;24.88;24.92;24.76
0.509934271;78.934999835;2021-11-24 12:14:18.321;24.7;24.52;24.68;24.82;25.3;24.88;24.92;24.76
0.509934444;78.949999879;2021-11-24 12:14:18.336;24.7;24.52;24.68;24.9;25.3;24.88;24.92;24.76
0.509934630;78.965999465;2021-11-24 12:14:18.352;24.7;24.52;24.68;24.9;25.4;24.88;24.92;24.76
0.509934815;78.981999680;2021-11-24 12:14:18.368;24.7;24.52;24.68;24.9;25.4;24.82;24.92;24.76
0.509946204;79.965999699;2021-11-24 12:14:19.352;24.7;24.52;24.68;24.9;25.3;24.82;24.92;24.76
0.509946400;79.982999456;2021-11-24 12:14:19.369;24.7;24.52;24.68;24.9;25.3;24.76;24.92;24.76
0.509946586;79.998999671;2021-11-24 12:14:19.385;24.7;24.52;24.68;24.9;25.3;24.76;24.82;24.76
0.509946771;80.014999886;2021-11-24 12:14:19.401;24.7;24.52;24.68;24.9;25.3;24.76;24.82;24.7
0.509957222;80.917999917;2021-11-24 12:14:20.304;24.7;24.58;24.68;24.9;25.3;24.76;24.82;24.7
0.509968808;81.918999692;2021-11-24 12:14:21.305;24.7;24.44;24.68;24.9;25.3;24.76;24.82;24.7
0.509969375;81.967999879;2021-11-24 12:14:21.354;24.7;24.44;24.68;24.9;25.42;24.76;24.82;24.7
0.509969560;81.983999466;2021-11-24 12:14:21.370;24.7;24.44;24.68;24.9;25.42;24.88;24.82;24.7
0.509969757;82.000999851;2021-11-24 12:14:21.387;24.7;24.44;24.68;24.9;25.42;24.88;24.9;24.7
0.509969931;82.015999895;2021-11-24 12:14:21.402;24.7;24.44;24.68;24.9;25.42;24.88;24.9;24.76
0.509980382;82.918999926;2021-11-24 12:14:22.305;24.7;24.56;24.68;24.9;25.42;24.88;24.9;24.76
0.510003519;84.917999594;2021-11-24 12:14:24.304;24.7;24.5;24.68;24.9;25.42;24.88;24.9;24.76
0.510003900;84.950999566;2021-11-24 12:14:24.337;24.7;24.5;24.68;24.84;25.42;24.88;24.9;24.76
0.510004086;84.966999781;2021-11-24 12:14:24.353;24.7;24.5;24.68;24.84;25.26;24.88;24.9;24.76
0.510004271;84.982999996;2021-11-24 12:14:24.369;24.7;24.5;24.68;24.84;25.26;24.8;24.9;24.76
0.510015104;85.918999999;2021-11-24 12:14:25.305;24.7;24.56;24.68;24.84;25.26;24.8;24.9;24.76
0.510016227;86.015999573;2021-11-24 12:14:25.402;24.7;24.56;24.68;24.84;25.26;24.8;24.9;24.7
0.510026481;86.901999847;2021-11-24 12:14:26.288;24.76;24.56;24.68;24.84;25.26;24.8;24.9;24.7
0.510026667;86.917999433;2021-11-24 12:14:26.304;24.76;24.62;24.68;24.84;25.26;24.8;24.9;24.7
0.510026852;86.933999648;2021-11-24 12:14:26.320;24.76;24.62;24.62;24.84;25.26;24.8;24.9;24.7
0.510027222;86.965999450;2021-11-24 12:14:26.352;24.76;24.62;24.62;24.84;25.36;24.8;24.9;24.7
0.510027407;86.981999665;2021-11-24 12:14:26.368;24.76;24.62;24.62;24.84;25.36;24.9;24.9;24.7
0.510027778;87.013999466;2021-11-24 12:14:26.400;24.76;24.62;24.62;24.84;25.36;24.9;24.9;24.76
0.510038252;87.918999838;2021-11-24 12:14:27.305;24.76;24.56;24.62;24.84;25.36;24.9;24.9;24.76
0.510038819;87.968000025;2021-11-24 12:14:27.354;24.76;24.56;24.62;24.84;25.3;24.9;24.9;24.76
0.510049826;88.918999443;2021-11-24 12:14:28.305;24.76;24.64;24.62;24.84;25.3;24.9;24.9;24.76
0.510050012;88.934999658;2021-11-24 12:14:28.321;24.76;24.64;24.7;24.84;25.3;24.9;24.9;24.76
0.510050197;88.950999873;2021-11-24 12:14:28.337;24.76;24.64;24.7;24.9;25.3;24.9;24.9;24.76
0.510050394;88.967999630;2021-11-24 12:14:28.354;24.76;24.64;24.7;24.9;25.36;24.9;24.9;24.76
0.510050579;88.983999845;2021-11-24 12:14:28.370;24.76;24.64;24.7;24.9;25.36;24.82;24.9;24.76
0.510050764;88.999999431;2021-11-24 12:14:28.386;24.76;24.64;24.7;24.9;25.36;24.82;24.84;24.76
0.510061215;89.902999462;2021-11-24 12:14:29.289;24.7;24.64;24.7;24.9;25.36;24.82;24.84;24.76
0.510061400;89.918999677;2021-11-24 12:14:29.305;24.7;24.54;24.7;24.9;25.36;24.82;24.84;24.76
0.510061586;89.934999892;2021-11-24 12:14:29.321;24.7;24.54;24.62;24.9;25.36;24.82;24.84;24.76
0.510061771;89.950999478;2021-11-24 12:14:29.337;24.7;24.54;24.62;24.82;25.36;24.82;24.84;24.76
0.510061968;89.967999863;2021-11-24 12:14:29.354;24.7;24.54;24.62;24.82;25.3;24.82;24.84;24.76
0.510062523;90.015999880;2021-11-24 12:14:29.402;24.7;24.54;24.62;24.82;25.3;24.82;24.84;24.64
0.510072789;90.902999695;2021-11-24 12:14:30.289;24.64;24.54;24.62;24.82;25.3;24.82;24.84;24.64
0.510085116;91.967999702;2021-11-24 12:14:31.354;24.64;24.54;24.62;24.82;25.38;24.82;24.84;24.64
0.510096123;92.918999749;2021-11-24 12:14:32.305;24.64;24.64;24.62;24.82;25.38;24.82;24.84;24.64
0.510096308;92.934999964;2021-11-24 12:14:32.321;24.64;24.64;24.7;24.82;25.38;24.82;24.84;24.64
0.510096690;92.967999936;2021-11-24 12:14:32.354;24.64;24.64;24.7;24.82;25.3;24.82;24.84;24.64
0.510097245;93.015999952;2021-11-24 12:14:32.402;24.64;24.64;24.7;24.82;25.3;24.82;24.84;24.72
0.510107697;93.918999983;2021-11-24 12:14:33.305;24.64;24.56;24.7;24.82;25.3;24.82;24.84;24.72
0.510107882;93.934999569;2021-11-24 12:14:33.321;24.64;24.56;24.64;24.82;25.3;24.82;24.84;24.72
0.510108819;94.015999557;2021-11-24 12:14:33.402;24.64;24.56;24.64;24.82;25.3;24.82;24.84;24.66
0.510153796;97.901999904;2021-11-24 12:14:37.288;24.72;24.56;24.64;24.82;25.3;24.82;24.84;24.66
0.510154745;97.983999434;2021-11-24 12:14:37.370;24.72;24.56;24.64;24.82;25.3;24.88;24.84;24.66
0.510176944;99.901999743;2021-11-24 12:14:39.288;24.78;24.56;24.64;24.82;25.3;24.88;24.84;24.66
0.510177130;99.917999958;2021-11-24 12:14:39.304;24.78;24.62;24.64;24.82;25.3;24.88;24.84;24.66
0.510188900;100.934999948;2021-11-24 12:14:40.321;24.78;24.62;24.74;24.82;25.3;24.88;24.84;24.66
0.510189086;100.950999535;2021-11-24 12:14:40.337;24.78;24.62;24.74;24.88;25.3;24.88;24.84;24.66
0.510211852;102.918000030;2021-11-24 12:14:42.304;24.78;24.72;24.74;24.88;25.3;24.88;24.84;24.66
0.510212604;102.982999803;2021-11-24 12:14:42.369;24.78;24.72;24.74;24.88;25.3;24.96;24.84;24.66
0.510223796;103.949999437;2021-11-24 12:14:43.336;24.78;24.72;24.74;24.98;25.3;24.96;24.84;24.66
0.510223993;103.966999822;2021-11-24 12:14:43.353;24.78;24.72;24.74;24.98;25.42;24.96;24.84;24.66
0.510224549;104.014999839;2021-11-24 12:14:43.401;24.78;24.72;24.74;24.98;25.42;24.96;24.84;24.72
0.510235000;104.917999869;2021-11-24 12:14:44.304;24.78;24.78;24.74;24.98;25.42;24.96;24.84;24.72
0.510235197;104.934999626;2021-11-24 12:14:44.321;24.78;24.78;24.82;24.98;25.42;24.96;24.84;24.72
0.510235556;104.965999885;2021-11-24 12:14:44.352;24.78;24.78;24.82;24.98;25.48;24.96;24.84;24.72
0.510235741;104.981999472;2021-11-24 12:14:44.368;24.78;24.78;24.82;24.98;25.48;25.14;24.84;24.72
0.510235926;104.997999687;2021-11-24 12:14:44.384;24.78;24.78;24.82;24.98;25.48;25.14;24.92;24.72
0.510236111;105.013999902;2021-11-24 12:14:44.400;24.78;24.78;24.82;24.98;25.48;25.14;24.92;24.78
0.510246389;105.901999888;2021-11-24 12:14:45.288;24.7;24.78;24.82;24.98;25.48;25.14;24.92;24.78
0.510246771;105.934999860;2021-11-24 12:14:45.321;24.7;24.78;24.9;24.98;25.48;25.14;24.92;24.78
0.510246956;105.950999446;2021-11-24 12:14:45.337;24.7;24.78;24.9;25.06;25.48;25.14;24.92;24.78
0.510247338;105.984000047;2021-11-24 12:14:45.370;24.7;24.78;24.9;25.06;25.48;25.2;24.92;24.78
0.510247708;106.015999848;2021-11-24 12:14:45.402;24.7;24.78;24.9;25.06;25.48;25.2;24.92;24.92
0.510257963;106.901999493;2021-11-24 12:14:46.288;24.62;24.78;24.9;25.06;25.48;25.2;24.92;24.92
0.510258160;106.918999879;2021-11-24 12:14:46.305;24.62;24.68;24.9;25.06;25.48;25.2;24.92;24.92
0.510258345;106.934999465;2021-11-24 12:14:46.321;24.62;24.68;24.84;25.06;25.48;25.2;24.92;24.92
0.510259097;106.999999867;2021-11-24 12:14:46.386;24.62;24.68;24.84;25.06;25.48;25.2;24.98;24.92
0.510269549;107.902999897;2021-11-24 12:14:47.289;24.68;24.68;24.84;25.06;25.48;25.2;24.98;24.92
0.510269734;107.918999484;2021-11-24 12:14:47.305;24.68;24.74;24.84;25.06;25.48;25.2;24.98;24.92
0.510281111;108.901999961;2021-11-24 12:14:48.288;24.78;24.74;24.84;25.06;25.48;25.2;24.98;24.92
0.510281875;108.967999904;2021-11-24 12:14:48.354;24.78;24.74;24.84;25.06;25.56;25.2;24.98;24.92
0.510282060;108.983999491;2021-11-24 12:14:48.370;24.78;24.74;24.84;25.06;25.56;25.32;24.98;24.92
0.510282245;108.999999706;2021-11-24 12:14:48.386;24.78;24.74;24.84;25.06;25.56;25.32;25.08;24.92
0.510282431;109.015999921;2021-11-24 12:14:48.402;24.78;24.74;24.84;25.06;25.56;25.32;25.08;25.06
0.510292697;109.902999736;2021-11-24 12:14:49.289;24.86;24.74;24.84;25.06;25.56;25.32;25.08;25.06
0.510292882;109.918999951;2021-11-24 12:14:49.305;24.86;24.86;24.84;25.06;25.56;25.32;25.08;25.06
0.510293067;109.934999538;2021-11-24 12:14:49.321;24.86;24.86;24.94;25.06;25.56;25.32;25.08;25.06
0.510293252;109.950999753;2021-11-24 12:14:49.337;24.86;24.86;24.94;25.16;25.56;25.32;25.08;25.06
0.510293438;109.966999968;2021-11-24 12:14:49.353;24.86;24.86;24.94;25.16;25.66;25.32;25.08;25.06
0.510293611;109.982000012;2021-11-24 12:14:49.368;24.86;24.86;24.94;25.16;25.66;25.6;25.08;25.06
0.510293796;109.997999598;2021-11-24 12:14:49.384;24.86;24.86;24.94;25.16;25.66;25.6;25.22;25.06
0.510293981;110.013999813;2021-11-24 12:14:49.400;24.86;24.86;24.94;25.16;25.66;25.6;25.22;27.7
0.510304271;110.902999970;2021-11-24 12:14:50.289;25.04;24.86;24.94;25.16;25.66;25.6;25.22;27.7
0.510304456;110.918999556;2021-11-24 12:14:50.305;25.04;25.02;24.94;25.16;25.66;25.6;25.22;27.7
0.510304641;110.934999771;2021-11-24 12:14:50.321;25.04;25.02;25.00;25.16;25.66;25.6;25.22;27.7
0.510305023;110.967999743;2021-11-24 12:14:50.354;25.04;25.02;25.00;25.16;25.72;25.6;25.22;27.7
0.510305208;110.983999958;2021-11-24 12:14:50.370;25.04;25.02;25.00;25.16;25.72;25.8;25.22;27.7
0.510305394;110.999999545;2021-11-24 12:14:50.386;25.04;25.02;25.00;25.16;25.72;25.8;25.36;27.7
0.510305579;111.015999760;2021-11-24 12:14:50.402;25.04;25.02;25.00;25.16;25.72;25.8;25.36;28.92
0.510316215;111.935000005;2021-11-24 12:14:51.321;25.04;25.02;25.06;25.16;25.72;25.8;25.36;28.92
0.510316400;111.950999591;2021-11-24 12:14:51.337;25.04;25.02;25.06;25.28;25.72;25.8;25.36;28.92
0.510316597;111.967999977;2021-11-24 12:14:51.354;25.04;25.02;25.06;25.28;25.84;25.8;25.36;28.92
0.510316782;111.983999563;2021-11-24 12:14:51.370;25.04;25.02;25.06;25.28;25.84;25.88;25.36;28.92
0.510316968;111.999999778;2021-11-24 12:14:51.386;25.04;25.02;25.06;25.28;25.84;25.88;25.46;28.92
0.510317153;112.015999993;2021-11-24 12:14:51.402;25.04;25.02;25.06;25.28;25.84;25.88;25.46;30.08
0.510327407;112.901999638;2021-11-24 12:14:52.288;25.12;25.02;25.06;25.28;25.84;25.88;25.46;30.08
0.510327593;112.917999853;2021-11-24 12:14:52.304;25.12;25.08;25.06;25.28;25.84;25.88;25.46;30.08
0.510328333;112.981999456;2021-11-24 12:14:52.368;25.12;25.08;25.06;25.28;25.84;26.08;25.46;30.08
0.510328519;112.997999671;2021-11-24 12:14:52.384;25.12;25.08;25.06;25.28;25.84;26.08;25.66;30.08
0.510328704;113.013999886;2021-11-24 12:14:52.400;25.12;25.08;25.06;25.28;25.84;26.08;25.66;31.12
0.510339178;113.918999629;2021-11-24 12:14:53.305;25.12;25.14;25.06;25.28;25.84;26.08;25.66;31.12
0.510339734;113.966999645;2021-11-24 12:14:53.353;25.12;25.14;25.06;25.28;25.9;26.08;25.66;31.12
0.510339907;113.981999690;2021-11-24 12:14:53.368;25.12;25.14;25.06;25.28;25.9;26.18;25.66;31.12
0.510340093;113.997999905;2021-11-24 12:14:53.384;25.12;25.14;25.06;25.28;25.9;26.18;25.78;31.12
0.510340278;114.013999491;2021-11-24 12:14:53.400;25.12;25.14;25.06;25.28;25.9;26.18;25.78;33.56
0.510350556;114.901999477;2021-11-24 12:14:54.288;24.94;25.14;25.06;25.28;25.9;26.18;25.78;33.56
0.510351111;114.949999494;2021-11-24 12:14:54.336;24.94;25.14;25.06;25.36;25.9;26.18;25.78;33.56
0.510351296;114.965999708;2021-11-24 12:14:54.352;24.94;25.14;25.06;25.36;25.96;26.18;25.78;33.56
0.510351481;114.981999923;2021-11-24 12:14:54.368;24.94;25.14;25.06;25.36;25.96;26.34;25.78;33.56
0.510351667;114.997999510;2021-11-24 12:14:54.384;24.94;25.14;25.06;25.36;25.96;26.34;25.92;33.56
0.510351852;115.013999725;2021-11-24 12:14:54.400;24.94;25.14;25.06;25.36;25.96;26.34;25.92;34.68
0.510362130;115.901999711;2021-11-24 12:14:55.288;24.82;25.14;25.06;25.36;25.96;26.34;25.92;34.68
0.510362326;115.918999468;2021-11-24 12:14:55.305;24.82;24.96;25.06;25.36;25.96;26.34;25.92;34.68
0.510362512;115.934999683;2021-11-24 12:14:55.321;24.82;24.96;25.12;25.36;25.96;26.34;25.92;34.68
0.510362685;115.949999727;2021-11-24 12:14:55.336;24.82;24.96;25.12;25.42;25.96;26.34;25.92;34.68
0.510363056;115.981999529;2021-11-24 12:14:55.368;24.82;24.96;25.12;25.42;25.96;26.48;25.92;34.68
0.510363241;115.997999744;2021-11-24 12:14:55.384;24.82;24.96;25.12;25.42;25.96;26.48;26.04;34.68
0.510363426;116.013999958;2021-11-24 12:14:55.400;24.82;24.96;25.12;25.42;25.96;26.48;26.04;35.9
0.510373704;116.901999945;2021-11-24 12:14:56.288;24.66;24.96;25.12;25.42;25.96;26.48;26.04;35.9
0.510373889;116.917999531;2021-11-24 12:14:56.304;24.66;24.9;25.12;25.42;25.96;26.48;26.04;35.9
0.510374456;116.966999718;2021-11-24 12:14:56.353;24.66;24.9;25.12;25.42;26.08;26.48;26.04;35.9
0.510374630;116.981999762;2021-11-24 12:14:56.368;24.66;24.9;25.12;25.42;26.08;26.68;26.04;35.9
0.510374815;116.997999977;2021-11-24 12:14:56.384;24.66;24.9;25.12;25.42;26.08;26.68;26.28;35.9
0.510375000;117.013999564;2021-11-24 12:14:56.400;24.66;24.9;25.12;25.42;26.08;26.68;26.28;36.94
0.510385463;117.917999765;2021-11-24 12:14:57.304;24.66;24.84;25.12;25.42;26.08;26.68;26.28;36.94
0.510386204;117.981999996;2021-11-24 12:14:57.368;24.66;24.84;25.12;25.42;26.08;26.74;26.28;36.94
0.510386389;117.997999582;2021-11-24 12:14:57.384;24.66;24.84;25.12;25.42;26.08;26.74;26.36;36.94
0.510386574;118.013999797;2021-11-24 12:14:57.400;24.66;24.84;25.12;25.42;26.08;26.74;26.36;39.02
0.510397037;118.917999999;2021-11-24 12:14:58.304;24.66;24.94;25.12;25.42;26.08;26.74;26.36;39.02
0.510397789;118.982999772;2021-11-24 12:14:58.369;24.66;24.94;25.12;25.42;26.08;26.84;26.36;39.02
0.510397975;118.998999987;2021-11-24 12:14:58.385;24.66;24.94;25.12;25.42;26.08;26.84;26.5;39.02
0.510398160;119.014999573;2021-11-24 12:14:58.401;24.66;24.94;25.12;25.42;26.08;26.84;26.5;40.00
0.510408611;119.917999604;2021-11-24 12:14:59.304;24.66;25.02;25.12;25.42;26.08;26.84;26.5;40.00
0.510408796;119.933999819;2021-11-24 12:14:59.320;24.66;25.02;25.2;25.42;26.08;26.84;26.5;40.00
0.510408993;119.950999576;2021-11-24 12:14:59.337;24.66;25.02;25.2;25.54;26.08;26.84;26.5;40.00
0.510409352;119.981999835;2021-11-24 12:14:59.368;24.66;25.02;25.2;25.54;26.08;26.92;26.5;40.00
0.510409537;119.997999421;2021-11-24 12:14:59.384;24.66;25.02;25.2;25.54;26.08;26.92;26.62;40.00
0.510409722;120.013999636;2021-11-24 12:14:59.400;24.66;25.02;25.2;25.54;26.08;26.92;26.62;40.62
0.510420752;120.967000024;2021-11-24 12:15:00.353;24.66;25.02;25.2;25.54;26.16;26.92;26.62;40.62
0.510420937;120.982999611;2021-11-24 12:15:00.369;24.66;25.02;25.2;25.54;26.16;27.12;26.62;40.62
0.510421123;120.998999826;2021-11-24 12:15:00.385;24.66;25.02;25.2;25.54;26.16;27.12;26.84;40.62
0.510421308;121.015000041;2021-11-24 12:15:00.401;24.66;25.02;25.2;25.54;26.16;27.12;26.84;41.42
0.510432512;121.982999844;2021-11-24 12:15:01.369;24.66;25.02;25.2;25.54;26.16;27.18;26.84;41.42
0.510432697;121.998999431;2021-11-24 12:15:01.385;24.66;25.02;25.2;25.54;26.16;27.18;26.94;41.42
0.510432882;122.014999646;2021-11-24 12:15:01.401;24.66;25.02;25.2;25.54;26.16;27.18;26.94;44.84
0.510443345;122.918999847;2021-11-24 12:15:02.305;24.66;25.1;25.2;25.54;26.16;27.18;26.94;44.84
0.510444282;122.999999835;2021-11-24 12:15:02.386;24.66;25.1;25.2;25.54;26.16;27.18;27.04;44.84
0.510444468;123.015999421;2021-11-24 12:15:02.402;24.66;25.1;25.2;25.54;26.16;27.18;27.04;46.52
0.510455475;123.966999468;2021-11-24 12:15:03.353;24.66;25.1;25.2;25.54;26.22;27.18;27.04;46.52
0.510455660;123.982999683;2021-11-24 12:15:03.369;24.66;25.1;25.2;25.54;26.22;27.26;27.04;46.52
0.510455845;123.998999898;2021-11-24 12:15:03.385;24.66;25.1;25.2;25.54;26.22;27.26;27.18;46.52
0.510456030;124.014999485;2021-11-24 12:15:03.401;24.66;25.1;25.2;25.54;26.22;27.26;27.18;47.4
0.510466296;124.901999929;2021-11-24 12:15:04.288;24.78;25.1;25.2;25.54;26.22;27.26;27.18;47.4
0.510466863;124.950999487;2021-11-24 12:15:04.337;24.78;25.1;25.2;25.6;26.22;27.26;27.18;47.4
0.510467234;124.982999917;2021-11-24 12:15:04.369;24.78;25.1;25.2;25.6;26.22;27.38;27.18;47.4
0.510467407;124.997999961;2021-11-24 12:15:04.384;24.78;25.1;25.2;25.6;26.22;27.38;27.38;47.4
0.510467593;125.013999548;2021-11-24 12:15:04.400;24.78;25.1;25.2;25.6;26.22;27.38;27.38;49.04
0.510478241;125.933999964;2021-11-24 12:15:05.320;24.78;25.1;25.26;25.6;26.22;27.38;27.38;49.04
0.510478981;125.997999567;2021-11-24 12:15:05.384;24.78;25.1;25.26;25.6;26.22;27.38;27.48;49.04
0.510479167;126.013999782;2021-11-24 12:15:05.400;24.78;25.1;25.26;25.6;26.22;27.38;27.48;52.04
0.510489444;126.901999768;2021-11-24 12:15:06.288;24.84;25.1;25.26;25.6;26.22;27.38;27.48;52.04
0.510490370;126.981999585;2021-11-24 12:15:06.368;24.84;25.1;25.26;25.6;26.22;27.48;27.48;52.04
0.510490556;126.997999800;2021-11-24 12:15:06.384;24.84;25.1;25.26;25.6;26.22;27.48;27.58;52.04
0.510490741;127.014000015;2021-11-24 12:15:06.400;24.84;25.1;25.26;25.6;26.22;27.48;27.58;53.26
0.510501979;127.984999702;2021-11-24 12:15:07.371;24.84;25.1;25.26;25.6;26.22;27.54;27.58;53.26
0.510502164;128.000999917;2021-11-24 12:15:07.387;24.84;25.1;25.26;25.6;26.22;27.54;27.66;53.26
0.510502350;128.016999504;2021-11-24 12:15:07.403;24.84;25.1;25.26;25.6;26.22;27.54;27.66;54.96
0.510513530;128.982999595;2021-11-24 12:15:08.369;24.84;25.1;25.26;25.6;26.22;27.48;27.66;54.96
0.510513715;128.998999810;2021-11-24 12:15:08.385;24.84;25.1;25.26;25.6;26.22;27.48;27.8;54.96
0.510513900;129.015000025;2021-11-24 12:15:08.401;24.84;25.1;25.26;25.6;26.22;27.48;27.8;55.48
0.510524549;129.934999812;2021-11-24 12:15:09.321;24.84;25.1;25.16;25.6;26.22;27.48;27.8;55.48
0.510524942;129.968999955;2021-11-24 12:15:09.355;24.84;25.1;25.16;25.6;26.28;27.48;27.8;55.48
0.510525127;129.984999541;2021-11-24 12:15:09.371;24.84;25.1;25.16;25.6;26.28;27.58;27.8;55.48
0.510525313;130.000999756;2021-11-24 12:15:09.387;24.84;25.1;25.16;25.6;26.28;27.58;27.94;55.48
0.510525498;130.016999971;2021-11-24 12:15:09.403;24.84;25.1;25.16;25.6;26.28;27.58;27.94;57.24
0.510535741;130.901999446;2021-11-24 12:15:10.288;24.98;25.1;25.16;25.6;26.28;27.58;27.94;57.24
0.510535938;130.918999831;2021-11-24 12:15:10.305;24.98;25.16;25.16;25.6;26.28;27.58;27.94;57.24
0.510536123;130.935000046;2021-11-24 12:15:10.321;24.98;25.16;25.22;25.6;26.28;27.58;27.94;57.24
0.510536852;130.997999478;2021-11-24 12:15:10.384;24.98;25.16;25.22;25.6;26.28;27.58;28.02;57.24
0.510537037;131.013999693;2021-11-24 12:15:10.400;24.98;25.16;25.22;25.6;26.28;27.58;28.02;58.32
0.510548252;131.982999667;2021-11-24 12:15:11.369;24.98;25.16;25.22;25.6;26.28;27.64;28.02;58.32
0.510548438;131.998999882;2021-11-24 12:15:11.385;24.98;25.16;25.22;25.6;26.28;27.64;28.12;58.32
0.510548623;132.014999469;2021-11-24 12:15:11.401;24.98;25.16;25.22;25.6;26.28;27.64;28.12;59.34
0.510559826;132.982999901;2021-11-24 12:15:12.369;24.98;25.16;25.22;25.6;26.28;27.74;28.12;59.34
0.510560012;132.998999488;2021-11-24 12:15:12.385;24.98;25.16;25.22;25.6;26.28;27.74;28.3;59.34
0.510560197;133.014999703;2021-11-24 12:15:12.401;24.98;25.16;25.22;25.6;26.28;27.74;28.3;60.02
0.510571609;134.000999434;2021-11-24 12:15:13.387;24.98;25.16;25.22;25.6;26.28;27.74;28.42;60.02
0.510571794;134.016999649;2021-11-24 12:15:13.403;24.98;25.16;25.22;25.6;26.28;27.74;28.42;62.4
0.510582998;134.984999453;2021-11-24 12:15:14.371;24.98;25.16;25.22;25.6;26.28;27.82;28.42;62.4
0.510583183;135.000999668;2021-11-24 12:15:14.387;24.98;25.16;25.22;25.6;26.28;27.82;28.5;62.4
0.510583368;135.016999883;2021-11-24 12:15:14.403;24.98;25.16;25.22;25.6;26.28;27.82;28.5;63.36
0.510593808;135.918999743;2021-11-24 12:15:15.305;24.98;25.08;25.22;25.6;26.28;27.82;28.5;63.36
0.510594178;135.950999544;2021-11-24 12:15:15.337;24.98;25.08;25.22;25.54;26.28;27.82;28.5;63.36
0.510594560;135.983999516;2021-11-24 12:15:15.370;24.98;25.08;25.22;25.54;26.28;27.74;28.5;63.36
0.510594931;136.015999946;2021-11-24 12:15:15.402;24.98;25.08;25.22;25.54;26.28;27.74;28.5;64.26
0.510605185;136.901999591;2021-11-24 12:15:16.288;25.08;25.08;25.22;25.54;26.28;27.74;28.5;64.26
0.510606111;136.982000037;2021-11-24 12:15:16.368;25.08;25.08;25.22;25.54;26.28;27.92;28.5;64.26
0.510606296;136.997999623;2021-11-24 12:15:16.384;25.08;25.08;25.22;25.54;26.28;27.92;28.7;64.26
0.510606481;137.013999838;2021-11-24 12:15:16.400;25.08;25.08;25.22;25.54;26.28;27.92;28.7;66.06
0.510617141;137.934999797;2021-11-24 12:15:17.321;25.08;25.08;25.14;25.54;26.28;27.92;28.7;66.06
0.510617905;138.000999740;2021-11-24 12:15:17.387;25.08;25.08;25.14;25.54;26.28;27.92;28.88;66.06
0.510618079;138.015999785;2021-11-24 12:15:17.402;25.08;25.08;25.14;25.54;26.28;27.92;28.88;68.74
0.510628715;138.935000030;2021-11-24 12:15:18.321;25.08;25.08;25.2;25.54;26.28;27.92;28.88;68.74
0.510629456;138.998999633;2021-11-24 12:15:18.385;25.08;25.08;25.2;25.54;26.28;27.92;28.94;68.74
0.510629641;139.014999848;2021-11-24 12:15:18.401;25.08;25.08;25.2;25.54;26.28;27.92;28.94;69.86
0.510640845;139.982999652;2021-11-24 12:15:19.369;25.08;25.08;25.2;25.54;26.28;28.02;28.94;69.86
0.510641030;139.998999867;2021-11-24 12:15:19.385;25.08;25.08;25.2;25.54;26.28;28.02;29.06;69.86
0.510641215;140.014999453;2021-11-24 12:15:19.401;25.08;25.08;25.2;25.54;26.28;28.02;29.06;70.78
0.510652604;140.998999472;2021-11-24 12:15:20.385;25.08;25.08;25.2;25.54;26.28;28.02;29.14;70.78
0.510652789;141.014999687;2021-11-24 12:15:20.401;25.08;25.08;25.2;25.54;26.28;28.02;29.14;71.56
0.510663252;141.918999888;2021-11-24 12:15:21.305;25.08;24.98;25.2;25.54;26.28;28.02;29.14;71.56
0.510663819;141.967999446;2021-11-24 12:15:21.354;25.08;24.98;25.2;25.54;26.34;28.02;29.14;71.56
0.510664016;141.984999832;2021-11-24 12:15:21.371;25.08;24.98;25.2;25.54;26.34;28.14;29.14;71.56
0.510664190;141.999999876;2021-11-24 12:15:21.386;25.08;24.98;25.2;25.54;26.34;28.14;29.3;71.56
0.510664375;142.015999462;2021-11-24 12:15:21.402;25.08;24.98;25.2;25.54;26.34;28.14;29.3;74.72
0.510674630;142.901999736;2021-11-24 12:15:22.288;25.16;24.98;25.2;25.54;26.34;28.14;29.3;74.72
0.510674826;142.918999493;2021-11-24 12:15:22.305;25.16;25.04;25.2;25.54;26.34;28.14;29.3;74.72
0.510675741;142.997999769;2021-11-24 12:15:22.384;25.16;25.04;25.2;25.54;26.34;28.14;29.4;74.72
0.510675926;143.013999984;2021-11-24 12:15:22.400;25.16;25.04;25.2;25.54;26.34;28.14;29.4;73.68
0.510687535;144.016999472;2021-11-24 12:15:23.403;25.16;25.04;25.2;25.54;26.34;28.14;29.4;73.00
0.510698715;144.982999563;2021-11-24 12:15:24.369;25.16;25.04;25.2;25.54;26.34;28.2;29.4;73.00
0.510698900;144.998999778;2021-11-24 12:15:24.385;25.16;25.04;25.2;25.54;26.34;28.2;29.58;73.00
0.510699086;145.014999993;2021-11-24 12:15:24.401;25.16;25.04;25.2;25.54;26.34;28.2;29.58;73.66
0.510710475;145.999000012;2021-11-24 12:15:25.385;25.16;25.04;25.2;25.54;26.34;28.2;29.68;73.66
0.510710671;146.015999769;2021-11-24 12:15:25.402;25.16;25.04;25.2;25.54;26.34;28.2;29.68;76.12
0.510720926;146.902000043;2021-11-24 12:15:26.288;25.06;25.04;25.2;25.54;26.34;28.2;29.68;76.12
0.510721308;146.935000014;2021-11-24 12:15:26.321;25.06;25.04;25.12;25.54;26.34;28.2;29.68;76.12
0.510722222;147.013999661;2021-11-24 12:15:26.400;25.06;25.04;25.12;25.54;26.34;28.2;29.68;78.1
0.510732512;147.902999818;2021-11-24 12:15:27.289;25.14;25.04;25.12;25.54;26.34;28.2;29.68;78.1
0.510733252;147.966999421;2021-11-24 12:15:27.353;25.14;25.04;25.12;25.54;26.4;28.2;29.68;78.1
0.510733426;147.981999465;2021-11-24 12:15:27.368;25.14;25.04;25.12;25.54;26.4;28.3;29.68;78.1
0.510733611;147.997999680;2021-11-24 12:15:27.384;25.14;25.04;25.12;25.54;26.4;28.3;29.9;78.1
0.510733796;148.013999895;2021-11-24 12:15:27.400;25.14;25.04;25.12;25.54;26.4;28.3;29.9;79.64
0.510744086;148.902999423;2021-11-24 12:15:28.289;25.08;25.04;25.12;25.54;26.4;28.3;29.9;79.64
0.510744826;148.966999655;2021-11-24 12:15:28.353;25.08;25.04;25.12;25.54;26.34;28.3;29.9;79.64
0.510745185;148.997999914;2021-11-24 12:15:28.384;25.08;25.04;25.12;25.54;26.34;28.3;30.04;79.64
0.510745370;149.013999500;2021-11-24 12:15:28.400;25.08;25.04;25.12;25.54;26.34;28.3;30.04;83.56
0.510756609;149.984999816;2021-11-24 12:15:29.371;25.08;25.04;25.12;25.54;26.34;28.36;30.04;83.56
0.510756794;150.001000031;2021-11-24 12:15:29.387;25.08;25.04;25.12;25.54;26.34;28.36;30.12;83.56
0.510756979;150.016999617;2021-11-24 12:15:29.403;25.08;25.04;25.12;25.54;26.34;28.36;30.12;86.64
0.510767604;150.934999692;2021-11-24 12:15:30.321;25.08;25.04;25.2;25.54;26.34;28.36;30.12;86.64
0.510767998;150.968999835;2021-11-24 12:15:30.355;25.08;25.04;25.2;25.54;26.44;28.36;30.12;86.64
0.510768183;150.984999421;2021-11-24 12:15:30.371;25.08;25.04;25.2;25.54;26.44;28.42;30.12;86.64
0.510768368;151.000999636;2021-11-24 12:15:30.387;25.08;25.04;25.2;25.54;26.44;28.42;30.26;86.64
0.510768553;151.016999851;2021-11-24 12:15:30.403;25.08;25.04;25.2;25.54;26.44;28.42;30.26;86.04
0.510779549;151.966999727;2021-11-24 12:15:31.353;25.08;25.04;25.2;25.54;26.36;28.42;30.26;86.04
0.510779734;151.982999942;2021-11-24 12:15:31.369;25.08;25.04;25.2;25.54;26.36;28.36;30.26;86.04
0.510780104;152.014999744;2021-11-24 12:15:31.401;25.08;25.04;25.2;25.54;26.36;28.36;30.26;91.32
0.510790752;152.934999531;2021-11-24 12:15:32.321;25.08;25.04;25.12;25.54;26.36;28.36;30.26;91.32
0.510791505;152.999999933;2021-11-24 12:15:32.386;25.08;25.04;25.12;25.54;26.36;28.36;30.46;91.32
0.510791690;153.015999519;2021-11-24 12:15:32.402;25.08;25.04;25.12;25.54;26.36;28.36;30.46;89.26
0.510801956;153.902999964;2021-11-24 12:15:33.289;25.02;25.04;25.12;25.54;26.36;28.36;30.46;89.26
0.510803056;153.997999825;2021-11-24 12:15:33.384;25.02;25.04;25.12;25.54;26.36;28.36;30.52;89.26
0.510803241;154.014000040;2021-11-24 12:15:33.400;25.02;25.04;25.12;25.54;26.36;28.36;30.52;96.00
0.510813519;154.902000027;2021-11-24 12:15:34.288;24.82;25.04;25.12;25.54;26.36;28.36;30.52;96.00
0.510814653;154.999999772;2021-11-24 12:15:34.386;24.82;25.04;25.12;25.54;26.36;28.36;30.6;96.00
0.510814838;155.015999987;2021-11-24 12:15:34.402;24.82;25.04;25.12;25.54;26.36;28.36;30.6;97.66
0.510825845;155.967000034;2021-11-24 12:15:35.353;24.82;25.04;25.12;25.54;26.42;28.36;30.6;97.66
0.510826215;155.998999835;2021-11-24 12:15:35.385;24.82;25.04;25.12;25.54;26.42;28.36;30.7;97.66
0.510836667;156.901999866;2021-11-24 12:15:36.288;24.72;25.04;25.12;25.54;26.42;28.36;30.7;97.66
0.510837049;156.934999838;2021-11-24 12:15:36.321;24.72;25.04;25.18;25.54;26.42;28.36;30.7;97.66
0.510837778;156.997999898;2021-11-24 12:15:36.384;24.72;25.04;25.18;25.54;26.42;28.36;30.86;97.66
0.510848241;157.901999471;2021-11-24 12:15:37.288;24.78;25.04;25.18;25.54;26.42;28.36;30.86;97.66
0.510849352;157.997999503;2021-11-24 12:15:37.384;24.78;25.04;25.18;25.54;26.42;28.36;30.94;97.66
0.510849537;158.013999718;2021-11-24 12:15:37.400;24.78;25.04;25.18;25.54;26.42;28.36;30.94;101.38
0.510860752;158.982999693;2021-11-24 12:15:38.369;24.78;25.04;25.18;25.54;26.42;28.48;30.94;101.38
0.510860938;158.998999908;2021-11-24 12:15:38.385;24.78;25.04;25.18;25.54;26.42;28.48;31.02;101.38
0.510861123;159.014999494;2021-11-24 12:15:38.401;24.78;25.04;25.18;25.54;26.42;28.48;31.02;104.44
0.510872512;159.998999513;2021-11-24 12:15:39.385;24.78;25.04;25.18;25.54;26.42;28.48;31.1;104.44
0.510872708;160.015999898;2021-11-24 12:15:39.402;24.78;25.04;25.18;25.54;26.42;28.48;31.1;105.1
0.510883727;160.967999487;2021-11-24 12:15:40.354;24.78;25.04;25.18;25.54;26.5;28.48;31.1;105.1
0.510884109;161.000999459;2021-11-24 12:15:40.387;24.78;25.04;25.18;25.54;26.5;28.48;31.24;105.1
0.510884282;161.015999503;2021-11-24 12:15:40.402;24.78;25.04;25.18;25.54;26.5;28.48;31.24;106.58
0.510895660;161.998999980;2021-11-24 12:15:41.385;24.78;25.04;25.18;25.54;26.5;28.48;31.32;106.58
0.510906111;162.902000011;2021-11-24 12:15:42.288;24.86;25.04;25.18;25.54;26.5;28.48;31.32;106.58
0.510907407;163.013999630;2021-11-24 12:15:42.400;24.86;25.04;25.18;25.54;26.5;28.48;31.32;108.66
0.510918831;164.000999532;2021-11-24 12:15:43.387;24.86;25.04;25.18;25.54;26.5;28.48;31.44;108.66
0.510919016;164.016999747;2021-11-24 12:15:43.403;24.86;25.04;25.18;25.54;26.5;28.48;31.44;107.44
0.510929259;164.901999850;2021-11-24 12:15:44.288;24.92;25.04;25.18;25.54;26.5;28.48;31.44;107.44
0.510930394;164.999999595;2021-11-24 12:15:44.386;24.92;25.04;25.18;25.54;26.5;28.48;31.6;107.44
0.510930579;165.015999810;2021-11-24 12:15:44.402;24.92;25.04;25.18;25.54;26.5;28.48;31.6;108.64
0.510941956;165.998999658;2021-11-24 12:15:45.385;24.92;25.04;25.18;25.54;26.5;28.48;31.66;108.64
0.510942141;166.014999873;2021-11-24 12:15:45.401;24.92;25.04;25.18;25.54;26.5;28.48;31.66;109.96
0.510953368;166.985000018;2021-11-24 12:15:46.371;24.92;25.04;25.18;25.54;26.5;28.42;31.66;109.96
0.510953738;167.016999819;2021-11-24 12:15:46.403;24.92;25.04;25.18;25.54;26.5;28.42;31.66;113.48
0.510965104;167.998999497;2021-11-24 12:15:47.385;24.92;25.04;25.18;25.54;26.5;28.42;31.78;113.48
0.510965289;168.014999712;2021-11-24 12:15:47.401;24.92;25.04;25.18;25.54;26.5;28.42;31.78;112.84
0.510975741;168.917999743;2021-11-24 12:15:48.304;24.92;25.12;25.18;25.54;26.5;28.42;31.78;112.84
0.510976678;168.998999731;2021-11-24 12:15:48.385;24.92;25.12;25.18;25.54;26.5;28.42;31.9;112.84
0.510976852;169.013999775;2021-11-24 12:15:48.400;24.92;25.12;25.18;25.54;26.5;28.42;31.9;110.38
0.510988275;170.000999677;2021-11-24 12:15:49.387;24.92;25.12;25.18;25.54;26.5;28.42;32.00;110.38
0.510988461;170.016999892;2021-11-24 12:15:49.403;24.92;25.12;25.18;25.54;26.5;28.42;32.00;106.82
0.510998704;170.901999995;2021-11-24 12:15:50.288;24.86;25.12;25.18;25.54;26.5;28.42;32.00;106.82
0.510998900;170.918999752;2021-11-24 12:15:50.305;24.86;25.04;25.18;25.54;26.5;28.42;32.00;106.82
0.510999444;170.965999598;2021-11-24 12:15:50.352;24.86;25.04;25.18;25.54;26.56;28.42;32.00;106.82
0.511000000;171.013999614;2021-11-24 12:15:50.400;24.86;25.04;25.18;25.54;26.56;28.42;32.00;106.08
0.511010463;171.917999815;2021-11-24 12:15:51.304;24.86;24.98;25.18;25.54;26.56;28.42;32.00;106.08
0.511011400;171.998999803;2021-11-24 12:15:51.385;24.86;24.98;25.18;25.54;26.56;28.42;32.1;106.08
0.511011586;172.015000018;2021-11-24 12:15:51.401;24.86;24.98;25.18;25.54;26.56;28.42;32.1;105.1
0.511022812;172.984999535;2021-11-24 12:15:52.371;24.86;24.98;25.18;25.54;26.56;28.32;32.1;105.1
0.511022998;173.000999750;2021-11-24 12:15:52.387;24.86;24.98;25.18;25.54;26.56;28.32;32.2;105.1
0.511023183;173.016999965;2021-11-24 12:15:52.403;24.86;24.98;25.18;25.54;26.56;28.32;32.2;102.74
0.511034734;174.014999857;2021-11-24 12:15:53.401;24.86;24.98;25.18;25.54;26.56;28.32;32.2;99.36
0.511046123;174.998999876;2021-11-24 12:15:54.385;24.86;24.98;25.18;25.54;26.56;28.32;32.28;99.36
0.511046308;175.014999462;2021-11-24 12:15:54.401;24.86;24.98;25.18;25.54;26.56;28.32;32.28;96.92
0.511057697;175.998999481;2021-11-24 12:15:55.385;24.86;24.98;25.18;25.54;26.56;28.32;32.34;96.92
0.511057882;176.014999696;2021-11-24 12:15:55.401;24.86;24.98;25.18;25.54;26.56;28.32;32.34;95.74
0.511068148;176.901999512;2021-11-24 12:15:56.288;24.94;24.98;25.18;25.54;26.56;28.32;32.34;95.74
0.511068715;176.950999699;2021-11-24 12:15:56.337;24.94;24.98;25.18;25.6;26.56;28.32;32.34;95.74
0.511069259;176.997999544;2021-11-24 12:15:56.384;24.94;24.98;25.18;25.6;26.56;28.32;32.48;95.74
0.511069444;177.013999759;2021-11-24 12:15:56.400;24.94;24.98;25.18;25.6;26.56;28.32;32.48;94.88
0.511079722;177.901999745;2021-11-24 12:15:57.288;24.84;24.98;25.18;25.6;26.56;28.32;32.48;94.88
0.511080289;177.950999932;2021-11-24 12:15:57.337;24.84;24.98;25.18;25.54;26.56;28.32;32.48;94.88
0.511081019;178.013999993;2021-11-24 12:15:57.400;24.84;24.98;25.18;25.54;26.56;28.32;32.48;93.98
0.511091296;178.901999979;2021-11-24 12:15:58.288;24.68;24.98;25.18;25.54;26.56;28.32;32.48;93.98
0.511091493;178.918999736;2021-11-24 12:15:58.305;24.68;24.88;25.18;25.54;26.56;28.32;32.48;93.98
0.511092037;178.965999582;2021-11-24 12:15:58.352;24.68;24.88;25.18;25.54;26.64;28.32;32.48;93.98
0.511092407;178.998000012;2021-11-24 12:15:58.384;24.68;24.88;25.18;25.54;26.64;28.32;32.54;93.98
0.511092593;179.013999598;2021-11-24 12:15:58.400;24.68;24.88;25.18;25.54;26.64;28.32;32.54;93.72
0.511103241;179.934000014;2021-11-24 12:15:59.320;24.68;24.88;25.12;25.54;26.64;28.32;32.54;93.72
0.511104178;180.015000002;2021-11-24 12:15:59.401;24.68;24.88;25.12;25.54;26.64;28.32;32.54;93.06
0.511115405;180.984999519;2021-11-24 12:16:00.371;24.68;24.88;25.12;25.54;26.64;28.24;32.54;93.06
0.511115590;181.000999734;2021-11-24 12:16:00.387;24.68;24.88;25.12;25.54;26.64;28.24;32.66;93.06
0.511115775;181.016999949;2021-11-24 12:16:00.403;24.68;24.88;25.12;25.54;26.64;28.24;32.66;91.82
0.511127141;181.998999626;2021-11-24 12:16:01.385;24.68;24.88;25.12;25.54;26.64;28.24;32.72;91.82
0.511127338;182.016000012;2021-11-24 12:16:01.402;24.68;24.88;25.12;25.54;26.64;28.24;32.72;90.24
0.511138160;182.950999844;2021-11-24 12:16:02.337;24.68;24.88;25.12;25.6;26.64;28.24;32.72;90.24
0.511138738;183.000999573;2021-11-24 12:16:02.387;24.68;24.88;25.12;25.6;26.64;28.24;32.8;90.24
0.511138912;183.015999617;2021-11-24 12:16:02.402;24.68;24.88;25.12;25.6;26.64;28.24;32.8;89.76
0.511149919;183.966999664;2021-11-24 12:16:03.353;24.68;24.88;25.12;25.6;26.72;28.24;32.8;89.76
0.511150289;183.998999465;2021-11-24 12:16:03.385;24.68;24.88;25.12;25.6;26.72;28.24;32.88;89.76
0.511150475;184.014999680;2021-11-24 12:16:03.401;24.68;24.88;25.12;25.6;26.72;28.24;32.88;90.4
0.511161863;184.998999699;2021-11-24 12:16:04.385;24.68;24.88;25.12;25.6;26.72;28.24;32.94;90.4
0.511162060;185.015999456;2021-11-24 12:16:04.402;24.68;24.88;25.12;25.6;26.72;28.24;32.94;89.68
0.511173044;185.964999790;2021-11-24 12:16:05.351;24.68;24.88;25.12;25.6;26.66;28.24;32.94;89.68
0.511173414;185.996999592;2021-11-24 12:16:05.383;24.68;24.88;25.12;25.6;26.66;28.24;33.02;89.68
0.511173600;186.012999807;2021-11-24 12:16:05.399;24.68;24.88;25.12;25.6;26.66;28.24;33.02;90.94
0.511184630;186.965999566;2021-11-24 12:16:06.352;24.68;24.88;25.12;25.6;26.74;28.24;33.02;90.94
0.511185012;186.998999538;2021-11-24 12:16:06.385;24.68;24.88;25.12;25.6;26.74;28.24;33.1;90.94
0.511185197;187.014999753;2021-11-24 12:16:06.401;24.68;24.88;25.12;25.6;26.74;28.24;33.1;91.56
0.511196771;188.014999987;2021-11-24 12:16:07.401;24.68;24.88;25.12;25.6;26.74;28.24;33.1;91.5
0.511208160;188.999000005;2021-11-24 12:16:08.385;24.68;24.88;25.12;25.6;26.74;28.24;33.22;91.5
0.511208345;189.014999592;2021-11-24 12:16:08.401;24.68;24.88;25.12;25.6;26.74;28.24;33.22;89.64
0.511219919;190.014999825;2021-11-24 12:16:09.401;24.68;24.88;25.12;25.6;26.74;28.24;33.22;87.06
0.511230185;190.901999641;2021-11-24 12:16:10.288;24.78;24.88;25.12;25.6;26.74;28.24;33.22;87.06
0.511230370;190.917999856;2021-11-24 12:16:10.304;24.78;24.94;25.12;25.6;26.74;28.24;33.22;87.06
0.511230567;190.934999613;2021-11-24 12:16:10.321;24.78;24.94;25.18;25.6;26.74;28.24;33.22;87.06
0.511231296;190.997999674;2021-11-24 12:16:10.384;24.78;24.94;25.18;25.6;26.74;28.24;33.32;87.06
0.511231481;191.013999889;2021-11-24 12:16:10.400;24.78;24.94;25.18;25.6;26.74;28.24;33.32;87.24
0.511242697;191.982999863;2021-11-24 12:16:11.369;24.78;24.94;25.18;25.6;26.74;28.3;33.32;87.24
0.511243067;192.014999664;2021-11-24 12:16:11.401;24.78;24.94;25.18;25.6;26.74;28.3;33.32;87.64
0.511253333;192.901999480;2021-11-24 12:16:12.288;24.84;24.94;25.18;25.6;26.74;28.3;33.32;87.64
0.511254086;192.966999882;2021-11-24 12:16:12.353;24.84;24.94;25.18;25.6;26.84;28.3;33.32;87.64
0.511254444;192.997999513;2021-11-24 12:16:12.384;24.84;24.94;25.18;25.6;26.84;28.3;33.54;87.64
0.511254630;193.013999728;2021-11-24 12:16:12.400;24.84;24.94;25.18;25.6;26.84;28.3;33.54;87.26
0.511264907;193.901999714;2021-11-24 12:16:13.288;24.9;24.94;25.18;25.6;26.84;28.3;33.54;87.26
0.511266204;194.013999961;2021-11-24 12:16:13.400;24.9;24.94;25.18;25.6;26.84;28.3;33.54;87.36
0.511276481;194.901999948;2021-11-24 12:16:14.288;24.84;24.94;25.18;25.6;26.84;28.3;33.54;87.36
0.511276678;194.918999705;2021-11-24 12:16:14.305;24.84;25.00;25.18;25.6;26.84;28.3;33.54;87.36
0.511277604;194.998999522;2021-11-24 12:16:14.385;24.84;25.00;25.18;25.6;26.84;28.3;33.62;87.36
0.511277778;195.013999566;2021-11-24 12:16:14.400;24.84;25.00;25.18;25.6;26.84;28.3;33.62;87.44
0.511288993;195.982999541;2021-11-24 12:16:15.369;24.84;25.00;25.18;25.6;26.84;28.36;33.62;87.44
0.511289363;196.014999971;2021-11-24 12:16:15.401;24.84;25.00;25.18;25.6;26.84;28.36;33.62;88.22
0.511299826;196.918999543;2021-11-24 12:16:16.305;24.84;24.92;25.18;25.6;26.84;28.36;33.62;88.22
0.511300012;196.934999758;2021-11-24 12:16:16.321;24.84;24.92;25.12;25.6;26.84;28.36;33.62;88.22
0.511300752;196.998999990;2021-11-24 12:16:16.385;24.84;24.92;25.12;25.6;26.84;28.36;33.78;88.22
0.511300937;197.014999576;2021-11-24 12:16:16.401;24.84;24.92;25.12;25.6;26.84;28.36;33.78;88.06
0.511311400;197.918999777;2021-11-24 12:16:17.305;24.84;25.02;25.12;25.6;26.84;28.36;33.78;88.06
0.511311586;197.934999992;2021-11-24 12:16:17.321;24.84;25.02;25.18;25.6;26.84;28.36;33.78;88.06
0.511311979;197.968999506;2021-11-24 12:16:17.355;24.84;25.02;25.18;25.6;26.9;28.36;33.78;88.06
0.511312164;197.984999721;2021-11-24 12:16:17.371;24.84;25.02;25.18;25.6;26.9;28.42;33.78;88.06
0.511312338;197.999999765;2021-11-24 12:16:17.386;24.84;25.02;25.18;25.6;26.9;28.42;33.84;88.06
0.511312523;198.015999980;2021-11-24 12:16:17.402;24.84;25.02;25.18;25.6;26.9;28.42;33.84;87.24
0.511322778;198.901999625;2021-11-24 12:16:18.288;24.74;25.02;25.18;25.6;26.9;28.42;33.84;87.24
0.511322963;198.917999840;2021-11-24 12:16:18.304;24.74;24.9;25.18;25.6;26.9;28.42;33.84;87.24
0.511324074;199.013999873;2021-11-24 12:16:18.400;24.74;24.9;25.18;25.6;26.9;28.42;33.84;85.62
0.511334549;199.918999616;2021-11-24 12:16:19.305;24.74;24.98;25.18;25.6;26.9;28.42;33.84;85.62
0.511335093;199.965999462;2021-11-24 12:16:19.352;24.74;24.98;25.18;25.6;26.84;28.42;33.84;85.62
0.511335278;199.981999677;2021-11-24 12:16:19.368;24.74;24.98;25.18;25.6;26.84;28.3;33.84;85.62
0.511335648;200.013999478;2021-11-24 12:16:19.400;24.74;24.98;25.18;25.6;26.84;28.3;33.84;84.24
0.511346678;200.966999866;2021-11-24 12:16:20.353;24.74;24.98;25.18;25.6;26.98;28.3;33.84;84.24
0.511346863;200.982999452;2021-11-24 12:16:20.369;24.74;24.98;25.18;25.6;26.98;28.38;33.84;84.24
0.511347049;200.998999667;2021-11-24 12:16:20.385;24.74;24.98;25.18;25.6;26.98;28.38;33.98;84.24
0.511347234;201.014999882;2021-11-24 12:16:20.401;24.74;24.98;25.18;25.6;26.98;28.38;33.98;82.92
0.511357500;201.901999698;2021-11-24 12:16:21.288;24.66;24.98;25.18;25.6;26.98;28.38;33.98;82.92
0.511358796;202.013999945;2021-11-24 12:16:21.400;24.66;24.98;25.18;25.6;26.98;28.38;33.98;81.12
0.511369074;202.901999932;2021-11-24 12:16:22.288;24.58;24.98;25.18;25.6;26.98;28.38;33.98;81.12
0.511369271;202.918999689;2021-11-24 12:16:22.305;24.58;24.88;25.18;25.6;26.98;28.38;33.98;81.12
0.511369444;202.933999733;2021-11-24 12:16:22.320;24.58;24.88;25.12;25.6;26.98;28.38;33.98;81.12
0.511370370;203.013999551;2021-11-24 12:16:22.400;24.58;24.88;25.12;25.6;26.98;28.38;33.98;80.02
0.511380648;203.901999537;2021-11-24 12:16:23.288;24.68;24.88;25.12;25.6;26.98;28.38;33.98;80.02
0.511380845;203.918999922;2021-11-24 12:16:23.305;24.68;24.98;25.12;25.6;26.98;28.38;33.98;80.02
0.511381215;203.950999724;2021-11-24 12:16:23.337;24.68;24.98;25.12;25.66;26.98;28.38;33.98;80.02
0.511381389;203.965999768;2021-11-24 12:16:23.352;24.68;24.98;25.12;25.66;26.92;28.38;33.98;80.02
0.511381574;203.981999983;2021-11-24 12:16:23.368;24.68;24.98;25.12;25.66;26.92;28.44;33.98;80.02
0.511381759;203.997999569;2021-11-24 12:16:23.384;24.68;24.98;25.12;25.66;26.92;28.44;34.08;80.02
0.511381944;204.013999784;2021-11-24 12:16:23.400;24.68;24.98;25.12;25.66;26.92;28.44;34.08;78.7
0.511392789;204.950999957;2021-11-24 12:16:24.337;24.68;24.98;25.12;25.6;26.92;28.44;34.08;78.7
0.511392975;204.966999544;2021-11-24 12:16:24.353;24.68;24.98;25.12;25.6;26.98;28.44;34.08;78.7
0.511393160;204.982999759;2021-11-24 12:16:24.369;24.68;24.98;25.12;25.6;26.98;28.34;34.08;78.7
0.511393530;205.014999560;2021-11-24 12:16:24.401;24.68;24.98;25.12;25.6;26.98;28.34;34.08;77.46
0.511404178;205.934999976;2021-11-24 12:16:25.321;24.68;24.98;25.18;25.6;26.98;28.34;34.08;77.46
0.511404363;205.950999563;2021-11-24 12:16:25.337;24.68;24.98;25.18;25.66;26.98;28.34;34.08;77.46
0.511405104;206.014999794;2021-11-24 12:16:25.401;24.68;24.98;25.18;25.66;26.98;28.34;34.08;75.88
0.511416493;206.998999813;2021-11-24 12:16:26.385;24.68;24.98;25.18;25.66;26.98;28.34;34.14;75.88
0.511416690;207.015999570;2021-11-24 12:16:26.402;24.68;24.98;25.18;25.66;26.98;28.34;34.14;75.4
0.511426944;207.901999843;2021-11-24 12:16:27.288;24.6;24.98;25.18;25.66;26.98;28.34;34.14;75.4
0.511427141;207.918999600;2021-11-24 12:16:27.305;24.6;25.04;25.18;25.66;26.98;28.34;34.14;75.4
0.511427894;207.984000002;2021-11-24 12:16:27.370;24.6;25.04;25.18;25.66;26.98;28.28;34.14;75.4
0.511428264;208.015999803;2021-11-24 12:16:27.402;24.6;25.04;25.18;25.66;26.98;28.28;34.14;74.38
0.511438715;208.918999834;2021-11-24 12:16:28.305;24.6;24.96;25.18;25.66;26.98;28.28;34.14;74.38
0.511439815;209.013999696;2021-11-24 12:16:28.400;24.6;24.96;25.18;25.66;26.98;28.28;34.14;72.8
0.511450475;209.934999654;2021-11-24 12:16:29.321;24.6;24.96;25.12;25.66;26.98;28.28;34.14;72.8
0.511451412;210.015999642;2021-11-24 12:16:29.402;24.6;24.96;25.12;25.66;26.98;28.28;34.14;71.64
0.511462049;210.934999888;2021-11-24 12:16:30.321;24.6;24.96;25.04;25.66;26.98;28.28;34.14;71.64
0.511462234;210.950999474;2021-11-24 12:16:30.337;24.6;24.96;25.04;25.58;26.98;28.28;34.14;71.64
0.511462419;210.966999689;2021-11-24 12:16:30.353;24.6;24.96;25.04;25.58;26.92;28.28;34.14;71.64
0.511462604;210.982999904;2021-11-24 12:16:30.369;24.6;24.96;25.04;25.58;26.92;28.18;34.14;71.64
0.511462789;210.998999490;2021-11-24 12:16:30.385;24.6;24.96;25.04;25.58;26.92;28.18;34.08;71.64
0.511462975;211.014999705;2021-11-24 12:16:30.401;24.6;24.96;25.04;25.58;26.92;28.18;34.08;69.84
0.511473241;211.901999521;2021-11-24 12:16:31.288;24.52;24.96;25.04;25.58;26.92;28.18;34.08;69.84
0.511473438;211.918999907;2021-11-24 12:16:31.305;24.52;24.8;25.04;25.58;26.92;28.18;34.08;69.84
0.511473993;211.966999923;2021-11-24 12:16:31.353;24.52;24.8;25.04;25.58;27.00;28.18;34.08;69.84
0.511474537;212.013999769;2021-11-24 12:16:31.400;24.52;24.8;25.04;25.58;27.00;28.18;34.08;68.98
0.511485752;212.982999743;2021-11-24 12:16:32.369;24.52;24.8;25.04;25.58;27.00;28.12;34.08;68.98
0.511486123;213.014999544;2021-11-24 12:16:32.401;24.52;24.8;25.04;25.58;27.00;28.12;34.08;69.2
0.511496956;213.950999547;2021-11-24 12:16:33.337;24.52;24.8;25.04;25.64;27.00;28.12;34.08;69.2
0.511497326;213.982999977;2021-11-24 12:16:33.369;24.52;24.8;25.04;25.64;27.00;28.18;34.08;69.2
0.511497512;213.998999563;2021-11-24 12:16:33.385;24.52;24.8;25.04;25.64;27.00;28.18;34.18;69.2
0.511497697;214.014999778;2021-11-24 12:16:33.401;24.52;24.8;25.04;25.64;27.00;28.18;34.18;67.7
0.511509271;215.015000012;2021-11-24 12:16:34.401;24.52;24.8;25.04;25.64;27.00;28.18;34.18;66.26
0.511519549;215.902999998;2021-11-24 12:16:35.289;24.4;24.8;25.04;25.64;27.00;28.18;34.18;66.26
0.511519734;215.918999584;2021-11-24 12:16:35.305;24.4;24.7;25.04;25.64;27.00;28.18;34.18;66.26
0.511519919;215.934999799;2021-11-24 12:16:35.321;24.4;24.7;24.98;25.64;27.00;28.18;34.18;66.26
0.511520475;215.982999816;2021-11-24 12:16:35.369;24.4;24.7;24.98;25.64;27.00;28.12;34.18;66.26
0.511520833;216.013999446;2021-11-24 12:16:35.400;24.4;24.7;24.98;25.64;27.00;28.12;34.18;65.94
0.511531493;216.935000033;2021-11-24 12:16:36.321;24.4;24.7;25.06;25.64;27.00;28.12;34.18;65.94
0.511531863;216.966999834;2021-11-24 12:16:36.353;24.4;24.7;25.06;25.64;27.1;28.12;34.18;65.94
0.511532049;216.982999421;2021-11-24 12:16:36.369;24.4;24.7;25.06;25.64;27.1;28.18;34.18;65.94
0.511532419;217.014999851;2021-11-24 12:16:36.401;24.4;24.7;25.06;25.64;27.1;28.18;34.18;66.5
0.511542685;217.901999666;2021-11-24 12:16:37.288;24.26;24.7;25.06;25.64;27.1;28.18;34.18;66.5
0.511542870;217.917999881;2021-11-24 12:16:37.304;24.26;24.64;25.06;25.64;27.1;28.18;34.18;66.5
0.511543056;217.933999468;2021-11-24 12:16:37.320;24.26;24.64;25.00;25.64;27.1;28.18;34.18;66.5
0.511543981;218.013999914;2021-11-24 12:16:37.400;24.26;24.64;25.00;25.64;27.1;28.18;34.18;67.34
0.511554259;218.901999900;2021-11-24 12:16:38.288;24.36;24.64;25.00;25.64;27.1;28.18;34.18;67.34
0.511554456;218.918999657;2021-11-24 12:16:38.305;24.36;24.74;25.00;25.64;27.1;28.18;34.18;67.34
0.511555382;218.998999475;2021-11-24 12:16:38.385;24.36;24.74;25.00;25.64;27.1;28.18;34.26;67.34
0.511555567;219.014999690;2021-11-24 12:16:38.401;24.36;24.74;25.00;25.64;27.1;28.18;34.26;68.44
0.511566204;219.933999935;2021-11-24 12:16:39.320;24.36;24.74;25.06;25.64;27.1;28.18;34.26;68.44
0.511567130;220.013999753;2021-11-24 12:16:39.400;24.36;24.74;25.06;25.64;27.1;28.18;34.26;69.32
0.511578715;221.014999528;2021-11-24 12:16:40.401;24.36;24.74;25.06;25.64;27.1;28.18;34.26;70.18
0.511588981;221.901999973;2021-11-24 12:16:41.288;24.46;24.74;25.06;25.64;27.1;28.18;34.26;70.18
0.511590278;222.013999592;2021-11-24 12:16:41.400;24.46;24.74;25.06;25.64;27.1;28.18;34.26;69.1
0.511600937;222.934999550;2021-11-24 12:16:42.321;24.46;24.74;25.12;25.64;27.1;28.18;34.26;69.1
0.511601123;222.950999765;2021-11-24 12:16:42.337;24.46;24.74;25.12;25.7;27.1;28.18;34.26;69.1
0.511601308;222.966999980;2021-11-24 12:16:42.353;24.46;24.74;25.12;25.7;27.2;28.18;34.26;69.1
0.511601493;222.982999566;2021-11-24 12:16:42.369;24.46;24.74;25.12;25.7;27.2;28.24;34.26;69.1
0.511601678;222.998999781;2021-11-24 12:16:42.385;24.46;24.74;25.12;25.7;27.2;28.24;34.32;69.1
0.511601863;223.014999996;2021-11-24 12:16:42.401;24.46;24.74;25.12;25.7;27.2;28.24;34.32;68.5
0.511613067;223.982999800;2021-11-24 12:16:43.369;24.46;24.74;25.12;25.7;27.2;28.18;34.32;68.5
0.511613437;224.014999601;2021-11-24 12:16:43.401;24.46;24.74;25.12;25.7;27.2;28.18;34.32;68.12
0.511624086;224.935000017;2021-11-24 12:16:44.321;24.46;24.74;25.06;25.7;27.2;28.18;34.32;68.12
0.511624271;224.950999604;2021-11-24 12:16:44.337;24.46;24.74;25.06;25.64;27.2;28.18;34.32;68.12
0.511625023;225.016000005;2021-11-24 12:16:44.402;24.46;24.74;25.06;25.64;27.2;28.18;34.32;67.48
0.511636586;226.014999440;2021-11-24 12:16:45.401;24.46;24.74;25.06;25.64;27.2;28.18;34.32;65.4
0.511647419;226.950999442;2021-11-24 12:16:46.337;24.46;24.74;25.06;25.7;27.2;28.18;34.32;65.4
0.511647789;226.982999872;2021-11-24 12:16:46.369;24.46;24.74;25.06;25.7;27.2;28.24;34.32;65.4
0.511648160;227.014999674;2021-11-24 12:16:46.401;24.46;24.74;25.06;25.7;27.2;28.24;34.32;64.72
0.511658426;227.901999489;2021-11-24 12:16:47.288;24.36;24.74;25.06;25.7;27.2;28.24;34.32;64.72
0.511659722;228.013999737;2021-11-24 12:16:47.400;24.36;24.74;25.06;25.7;27.2;28.24;34.32;63.74
0.511670197;228.918999480;2021-11-24 12:16:48.305;24.36;24.64;25.06;25.7;27.2;28.24;34.32;63.74
0.511671111;228.997999756;2021-11-24 12:16:48.384;24.36;24.64;25.06;25.7;27.2;28.24;34.38;63.74
0.511671296;229.013999971;2021-11-24 12:16:48.400;24.36;24.64;25.06;25.7;27.2;28.24;34.38;61.98
0.511682535;229.984999658;2021-11-24 12:16:49.371;24.36;24.64;25.06;25.7;27.2;28.18;34.38;61.98
0.511682720;230.000999873;2021-11-24 12:16:49.387;24.36;24.64;25.06;25.7;27.2;28.18;34.32;61.98
0.511682917;230.017999629;2021-11-24 12:16:49.404;24.36;24.64;25.06;25.7;27.2;28.18;34.32;58.76
0.511693148;230.901999562;2021-11-24 12:16:50.288;24.26;24.64;25.06;25.7;27.2;28.18;34.32;58.76
0.511693345;230.918999948;2021-11-24 12:16:50.305;24.26;24.56;25.06;25.7;27.2;28.18;34.32;58.76
0.511694086;230.982999550;2021-11-24 12:16:50.369;24.26;24.56;25.06;25.7;27.2;28.28;34.32;58.76
0.511694271;230.998999765;2021-11-24 12:16:50.385;24.26;24.56;25.06;25.7;27.2;28.28;34.38;58.76
0.511694444;231.013999809;2021-11-24 12:16:50.400;24.26;24.56;25.06;25.7;27.2;28.28;34.38;57.4
0.511704722;231.901999796;2021-11-24 12:16:51.288;24.2;24.56;25.06;25.7;27.2;28.28;34.38;57.4
0.511705093;231.933999597;2021-11-24 12:16:51.320;24.2;24.56;24.98;25.7;27.2;28.28;34.38;57.4
0.511705648;231.981999613;2021-11-24 12:16:51.368;24.2;24.56;24.98;25.7;27.2;28.18;34.38;57.4
0.511705833;231.997999828;2021-11-24 12:16:51.384;24.2;24.56;24.98;25.7;27.2;28.18;34.32;57.4
0.511706019;232.014000043;2021-11-24 12:16:51.400;24.2;24.56;24.98;25.7;27.2;28.18;34.32;55.68
0.511716493;232.918999786;2021-11-24 12:16:52.305;24.2;24.62;24.98;25.7;27.2;28.18;34.32;55.68
0.511716678;232.935000001;2021-11-24 12:16:52.321;24.2;24.62;25.04;25.7;27.2;28.18;34.32;55.68
0.511717072;232.968999515;2021-11-24 12:16:52.355;24.2;24.62;25.04;25.7;27.28;28.18;34.32;55.68
0.511717257;232.984999730;2021-11-24 12:16:52.371;24.2;24.62;25.04;25.7;27.28;28.24;34.32;55.68
0.511717616;233.015999990;2021-11-24 12:16:52.402;24.2;24.62;25.04;25.7;27.28;28.24;34.32;54.74
0.511727870;233.901999635;2021-11-24 12:16:53.288;24.28;24.62;25.04;25.7;27.28;28.24;34.32;54.74
0.511728808;233.982999623;2021-11-24 12:16:53.369;24.28;24.62;25.04;25.7;27.28;28.18;34.32;54.74
0.511729167;234.013999882;2021-11-24 12:16:53.400;24.28;24.62;25.04;25.7;27.28;28.18;34.32;52.58
0.511740023;234.951999597;2021-11-24 12:16:54.338;24.28;24.62;25.04;25.64;27.28;28.18;34.32;52.58
0.511740775;235.016999999;2021-11-24 12:16:54.403;24.28;24.62;25.04;25.64;27.28;28.18;34.32;51.76
0.511751586;235.950999660;2021-11-24 12:16:55.337;24.28;24.62;25.04;25.7;27.28;28.18;34.32;51.76
0.511752350;236.016999604;2021-11-24 12:16:55.403;24.28;24.62;25.04;25.7;27.28;28.18;34.32;51.34
0.511762789;236.918999464;2021-11-24 12:16:56.305;24.28;24.7;25.04;25.7;27.28;28.18;34.32;51.34
0.511763553;236.985000037;2021-11-24 12:16:56.371;24.28;24.7;25.04;25.7;27.28;28.26;34.32;51.34
0.511763912;237.015999667;2021-11-24 12:16:56.402;24.28;24.7;25.04;25.7;27.28;28.26;34.32;51.1
0.511775509;238.017999614;2021-11-24 12:16:57.404;24.28;24.7;25.04;25.7;27.28;28.26;34.32;51.18
0.511785752;238.902999717;2021-11-24 12:16:58.289;24.38;24.7;25.04;25.7;27.28;28.26;34.32;51.18
0.511785938;238.918999932;2021-11-24 12:16:58.305;24.38;24.76;25.04;25.7;27.28;28.26;34.32;51.18
0.511787060;239.015999506;2021-11-24 12:16:58.402;24.38;24.76;25.04;25.7;27.28;28.26;34.32;51.58
0.511797326;239.902999951;2021-11-24 12:16:59.289;24.44;24.76;25.04;25.7;27.28;28.26;34.32;51.58
0.511798611;240.014000027;2021-11-24 12:16:59.400;24.44;24.76;25.04;25.7;27.28;28.26;34.32;53.2
0.511809664;240.968999499;2021-11-24 12:17:00.355;24.44;24.76;25.04;25.7;27.34;28.26;34.32;53.2
0.511810220;241.016999516;2021-11-24 12:17:00.403;24.44;24.76;25.04;25.7;27.34;28.26;34.32;53.56
0.511820845;241.934999591;2021-11-24 12:17:01.321;24.44;24.76;25.1;25.7;27.34;28.26;34.32;53.56
0.511821609;242.000999534;2021-11-24 12:17:01.387;24.44;24.76;25.1;25.7;27.34;28.26;34.38;53.56
0.511821794;242.016999749;2021-11-24 12:17:01.403;24.44;24.76;25.1;25.7;27.34;28.26;34.38;55.66
0.511832049;242.903000023;2021-11-24 12:17:02.289;24.5;24.76;25.1;25.7;27.34;28.26;34.38;55.66
0.511832604;242.951000039;2021-11-24 12:17:02.337;24.5;24.76;25.1;25.78;27.34;28.26;34.38;55.66
0.511833333;243.013999471;2021-11-24 12:17:02.400;24.5;24.76;25.1;25.78;27.34;28.26;34.38;56.9
0.511844387;243.968999572;2021-11-24 12:17:03.355;24.5;24.76;25.1;25.78;27.4;28.26;34.38;56.9
0.511844572;243.984999787;2021-11-24 12:17:03.371;24.5;24.76;25.1;25.78;27.4;28.36;34.38;56.9
0.511844954;244.017999759;2021-11-24 12:17:03.404;24.5;24.76;25.1;25.78;27.4;28.36;34.38;56.46
0.511856528;245.017999993;2021-11-24 12:17:04.404;24.5;24.76;25.1;25.78;27.4;28.36;34.38;56.00
0.511868102;246.017999598;2021-11-24 12:17:05.404;24.5;24.76;25.1;25.78;27.4;28.36;34.38;54.3
0.511879109;246.968999645;2021-11-24 12:17:06.355;24.5;24.76;25.1;25.78;27.46;28.36;34.38;54.3
0.511879294;246.984999860;2021-11-24 12:17:06.371;24.5;24.76;25.1;25.78;27.46;28.42;34.38;54.3
0.511879676;247.017999832;2021-11-24 12:17:06.404;24.5;24.76;25.1;25.78;27.46;28.42;34.38;53.06
0.511891250;248.017999437;2021-11-24 12:17:07.404;24.5;24.76;25.1;25.78;27.46;28.42;34.38;51.48
0.511901493;248.902999540;2021-11-24 12:17:08.289;24.42;24.76;25.1;25.78;27.46;28.42;34.38;51.48
0.511902049;248.950999556;2021-11-24 12:17:08.337;24.42;24.76;25.1;25.84;27.46;28.42;34.38;51.48
0.511902778;249.013999617;2021-11-24 12:17:08.400;24.42;24.76;25.1;25.84;27.46;28.42;34.38;50.74
0.511913437;249.934999575;2021-11-24 12:17:09.321;24.42;24.76;25.16;25.84;27.46;28.42;34.38;50.74
0.511914387;250.016999734;2021-11-24 12:17:09.403;24.42;24.76;25.16;25.84;27.46;28.42;34.38;48.94
0.511924641;250.903000007;2021-11-24 12:17:10.289;24.34;24.76;25.16;25.84;27.46;28.42;34.38;48.94
0.511924826;250.918999594;2021-11-24 12:17:10.305;24.34;24.68;25.16;25.84;27.46;28.42;34.38;48.94
0.511925012;250.934999809;2021-11-24 12:17:10.321;24.34;24.68;25.1;25.84;27.46;28.42;34.38;48.94
0.511925382;250.966999610;2021-11-24 12:17:10.353;24.34;24.68;25.1;25.84;27.52;28.42;34.38;48.94
0.511925567;250.982999825;2021-11-24 12:17:10.369;24.34;24.68;25.1;25.84;27.52;28.48;34.38;48.94
0.511925926;251.013999456;2021-11-24 12:17:10.400;24.34;24.68;25.1;25.84;27.52;28.48;34.38;48.04
0.511937512;252.014999860;2021-11-24 12:17:11.401;24.34;24.68;25.1;25.84;27.52;28.48;34.38;47.36
0.511947975;252.918999433;2021-11-24 12:17:12.305;24.34;24.76;25.1;25.84;27.52;28.48;34.38;47.36
0.511948738;252.985000005;2021-11-24 12:17:12.371;24.34;24.76;25.1;25.84;27.52;28.42;34.38;47.36
0.511949109;253.016999806;2021-11-24 12:17:12.403;24.34;24.76;25.1;25.84;27.52;28.42;34.38;47.74
0.511959363;253.902999451;2021-11-24 12:17:13.289;24.4;24.76;25.1;25.84;27.52;28.42;34.38;47.74
0.511960486;253.999999654;2021-11-24 12:17:13.386;24.4;24.76;25.1;25.84;27.52;28.42;34.3;47.74
0.511960671;254.015999869;2021-11-24 12:17:13.402;24.4;24.76;25.1;25.84;27.52;28.42;34.3;48.18
0.511970926;254.901999515;2021-11-24 12:17:14.288;24.26;24.76;25.1;25.84;27.52;28.42;34.3;48.18
0.511971123;254.918999900;2021-11-24 12:17:14.305;24.26;24.7;25.1;25.84;27.52;28.42;34.3;48.18
0.511972222;255.013999762;2021-11-24 12:17:14.400;24.26;24.7;25.1;25.84;27.52;28.42;34.3;48.28
0.511982882;255.934999720;2021-11-24 12:17:15.321;24.26;24.7;25.16;25.84;27.52;28.42;34.3;48.28
0.511983646;256.000999664;2021-11-24 12:17:15.387;24.26;24.7;25.16;25.84;27.52;28.42;34.24;48.28
0.511983819;256.015999708;2021-11-24 12:17:15.402;24.26;24.7;25.16;25.84;27.52;28.42;34.24;48.92
0.511995035;256.984999683;2021-11-24 12:17:16.371;24.26;24.7;25.16;25.84;27.52;28.5;34.24;48.92
0.511995417;257.017999655;2021-11-24 12:17:16.404;24.26;24.7;25.16;25.84;27.52;28.5;34.24;49.14
0.512006227;257.951999945;2021-11-24 12:17:17.338;24.26;24.7;25.16;25.92;27.52;28.5;34.24;49.14
0.512006424;257.968999702;2021-11-24 12:17:17.355;24.26;24.7;25.16;25.92;27.58;28.5;34.24;49.14
0.512018183;258.984999522;2021-11-24 12:17:18.371;24.26;24.7;25.16;25.92;27.58;28.56;34.24;49.14
0.512018565;259.017999493;2021-11-24 12:17:18.404;24.26;24.7;25.16;25.92;27.58;28.56;34.24;48.88
0.512030139;260.017999727;2021-11-24 12:17:19.404;24.26;24.7;25.16;25.92;27.58;28.56;34.24;48.08
0.512041713;261.017999961;2021-11-24 12:17:20.404;24.26;24.7;25.16;25.92;27.58;28.56;34.24;47.28
0.512051956;261.902999436;2021-11-24 12:17:21.289;24.36;24.7;25.16;25.92;27.58;28.56;34.24;47.28
0.512052141;261.918999650;2021-11-24 12:17:21.305;24.36;24.76;25.16;25.92;27.58;28.56;34.24;47.28
0.512052697;261.966999667;2021-11-24 12:17:21.353;24.36;24.76;25.16;25.92;27.64;28.56;34.24;47.28
0.512053067;261.998999468;2021-11-24 12:17:21.385;24.36;24.76;25.16;25.92;27.64;28.56;34.18;47.28
0.512053252;262.014999683;2021-11-24 12:17:21.401;24.36;24.76;25.16;25.92;27.64;28.56;34.18;46.8
0.512063900;262.934999471;2021-11-24 12:17:22.321;24.36;24.76;25.22;25.92;27.64;28.56;34.18;46.8
0.512064479;262.984999828;2021-11-24 12:17:22.371;24.36;24.76;25.22;25.92;27.64;28.64;34.18;46.8
0.512064850;263.016999629;2021-11-24 12:17:22.403;24.36;24.76;25.22;25.92;27.64;28.64;34.18;46.22
0.512075104;263.902999903;2021-11-24 12:17:23.289;24.46;24.76;25.22;25.92;27.64;28.64;34.18;46.22
0.512076412;264.015999692;2021-11-24 12:17:23.402;24.46;24.76;25.22;25.92;27.64;28.64;34.18;45.64
0.512087234;264.950999524;2021-11-24 12:17:24.337;24.46;24.76;25.22;25.98;27.64;28.64;34.18;45.64
0.512088009;265.017999639;2021-11-24 12:17:24.404;24.46;24.76;25.22;25.98;27.64;28.64;34.18;45.46
0.512099560;266.015999531;2021-11-24 12:17:25.402;24.46;24.76;25.22;25.98;27.64;28.64;34.18;44.92
0.512110775;266.984999506;2021-11-24 12:17:26.371;24.46;24.76;25.22;25.98;27.64;28.72;34.18;44.92
0.512111157;267.017999478;2021-11-24 12:17:26.404;24.46;24.76;25.22;25.98;27.64;28.72;34.18;44.56
0.512122708;268.015999999;2021-11-24 12:17:27.402;24.46;24.76;25.22;25.98;27.64;28.72;34.18;43.94
0.512133738;268.968999758;2021-11-24 12:17:28.355;24.46;24.76;25.22;25.98;27.72;28.72;34.18;43.94
0.512133924;268.984999973;2021-11-24 12:17:28.371;24.46;24.76;25.22;25.98;27.72;28.64;34.18;43.94
0.512134109;269.000999560;2021-11-24 12:17:28.387;24.46;24.76;25.22;25.98;27.72;28.64;34.12;43.94
0.512134294;269.016999775;2021-11-24 12:17:28.403;24.46;24.76;25.22;25.98;27.72;28.64;34.12;43.86
0.512144734;269.918999635;2021-11-24 12:17:29.305;24.46;24.82;25.22;25.98;27.72;28.64;34.12;43.86
0.512145116;269.951999607;2021-11-24 12:17:29.338;24.46;24.82;25.22;26.04;27.72;28.64;34.12;43.86
0.512145856;270.015999838;2021-11-24 12:17:29.402;24.46;24.82;25.22;26.04;27.72;28.64;34.12;43.74
0.512156123;270.902999653;2021-11-24 12:17:30.289;24.54;24.82;25.22;26.04;27.72;28.64;34.12;43.74
0.512157419;271.014999901;2021-11-24 12:17:30.401;24.54;24.82;25.22;26.04;27.72;28.64;34.12;43.3
0.512169028;272.018000018;2021-11-24 12:17:31.404;24.54;24.82;25.22;26.04;27.72;28.64;34.12;42.94
0.512180220;272.984999651;2021-11-24 12:17:32.371;24.54;24.82;25.22;26.04;27.72;28.74;34.12;42.94
0.512180602;273.017999623;2021-11-24 12:17:32.404;24.54;24.82;25.22;26.04;27.72;28.74;34.12;43.06
0.512190845;273.902999726;2021-11-24 12:17:33.289;24.6;24.82;25.22;26.04;27.72;28.74;34.12;43.06
0.512191956;273.998999759;2021-11-24 12:17:33.385;24.6;24.82;25.22;26.04;27.72;28.74;34.06;43.06
0.512192141;274.014999974;2021-11-24 12:17:33.401;24.6;24.82;25.22;26.04;27.72;28.74;34.06;42.36
0.512202593;274.918000004;2021-11-24 12:17:34.304;24.6;24.9;25.22;26.04;27.72;28.74;34.06;42.36
0.512202789;274.934999761;2021-11-24 12:17:34.321;24.6;24.9;25.28;26.04;27.72;28.74;34.06;42.36
0.512203704;275.014000037;2021-11-24 12:17:34.400;24.6;24.9;25.28;26.04;27.72;28.74;34.06;41.56
0.512214942;275.984999724;2021-11-24 12:17:35.371;24.6;24.9;25.28;26.04;27.72;28.82;34.06;41.56
0.512215324;276.017999696;2021-11-24 12:17:35.404;24.6;24.9;25.28;26.04;27.72;28.82;34.06;41.44
0.512226308;276.967000030;2021-11-24 12:17:36.353;24.6;24.9;25.28;26.04;27.8;28.82;34.06;41.44
0.512226690;277.000000002;2021-11-24 12:17:36.386;24.6;24.9;25.28;26.04;27.8;28.82;33.98;41.44
0.512226875;277.015999588;2021-11-24 12:17:36.402;24.6;24.9;25.28;26.04;27.8;28.82;33.98;41.28
0.512237326;277.918999619;2021-11-24 12:17:37.305;24.6;24.84;25.28;26.04;27.8;28.82;33.98;41.28
0.512237697;277.951000049;2021-11-24 12:17:37.337;24.6;24.84;25.28;26.1;27.8;28.82;33.98;41.28
0.512238426;278.013999481;2021-11-24 12:17:37.400;24.6;24.84;25.28;26.1;27.8;28.82;33.98;40.22
0.512250035;279.016999598;2021-11-24 12:17:38.403;24.6;24.84;25.28;26.1;27.8;28.82;33.98;39.6
0.512260278;279.901999701;2021-11-24 12:17:39.288;24.48;24.84;25.28;26.1;27.8;28.82;33.98;39.6
0.512260660;279.934999673;2021-11-24 12:17:39.321;24.48;24.84;25.36;26.1;27.8;28.82;33.98;39.6
0.512261597;280.015999661;2021-11-24 12:17:39.402;24.48;24.84;25.36;26.1;27.8;28.82;33.98;38.96
0.512271863;280.902999477;2021-11-24 12:17:40.289;24.4;24.84;25.36;26.1;27.8;28.82;33.98;38.96
0.512273148;281.013999553;2021-11-24 12:17:40.400;24.4;24.84;25.36;26.1;27.8;28.82;33.98;38.54
0.512284583;282.001999626;2021-11-24 12:17:41.388;24.4;24.84;25.36;26.1;27.8;28.82;33.9;38.54
0.512284769;282.017999841;2021-11-24 12:17:41.404;24.4;24.84;25.36;26.1;27.8;28.82;33.9;37.42
0.512295382;282.934999745;2021-11-24 12:17:42.321;24.4;24.84;25.26;26.1;27.8;28.82;33.9;37.42
0.512295775;282.968999888;2021-11-24 12:17:42.355;24.4;24.84;25.26;26.1;27.74;28.82;33.9;37.42
0.512296146;283.000999689;2021-11-24 12:17:42.387;24.4;24.84;25.26;26.1;27.74;28.82;33.84;37.42
0.512306956;283.934999979;2021-11-24 12:17:43.321;24.4;24.84;25.32;26.1;27.74;28.82;33.84;37.42
0.512307141;283.950999565;2021-11-24 12:17:43.337;24.4;24.84;25.32;26.16;27.74;28.82;33.84;37.42
0.512307350;283.968999493;2021-11-24 12:17:43.355;24.4;24.84;25.32;26.16;27.82;28.82;33.84;37.42
0.512307535;283.984999708;2021-11-24 12:17:43.371;24.4;24.84;25.32;26.16;27.82;28.9;33.84;37.42
0.512307905;284.016999509;2021-11-24 12:17:43.403;24.4;24.84;25.32;26.16;27.82;28.9;33.84;37.22
0.512318160;284.902999783;2021-11-24 12:17:44.289;24.46;24.84;25.32;26.16;27.82;28.9;33.84;37.22
0.512318715;284.950999799;2021-11-24 12:17:44.337;24.46;24.84;25.32;26.06;27.82;28.9;33.84;37.22
0.512318900;284.967000014;2021-11-24 12:17:44.353;24.46;24.84;25.32;26.06;27.76;28.9;33.84;37.22
0.512319086;284.982999600;2021-11-24 12:17:44.369;24.46;24.84;25.32;26.06;27.76;28.84;33.84;37.22
0.512319456;285.015000030;2021-11-24 12:17:44.401;24.46;24.84;25.32;26.06;27.76;28.84;33.84;36.38
0.512329734;285.903000017;2021-11-24 12:17:45.289;24.38;24.84;25.32;26.06;27.76;28.84;33.84;36.38
0.512331030;286.014999635;2021-11-24 12:17:45.401;24.38;24.84;25.32;26.06;27.76;28.84;33.84;36.26
0.512341875;286.951999809;2021-11-24 12:17:46.338;24.38;24.84;25.32;26.16;27.76;28.84;33.84;36.26
0.512342257;286.984999781;2021-11-24 12:17:46.371;24.38;24.84;25.32;26.16;27.76;28.92;33.84;36.26
0.512342627;287.016999582;2021-11-24 12:17:46.403;24.38;24.84;25.32;26.16;27.76;28.92;33.84;36.64
0.512353067;287.918999442;2021-11-24 12:17:47.305;24.38;24.92;25.32;26.16;27.76;28.92;33.84;36.64
0.512353623;287.966999458;2021-11-24 12:17:47.353;24.38;24.92;25.32;26.16;27.82;28.92;33.84;36.64
0.512353796;287.981999502;2021-11-24 12:17:47.368;24.38;24.92;25.32;26.16;27.82;28.98;33.84;36.64
0.512354167;288.013999932;2021-11-24 12:17:47.400;24.38;24.92;25.32;26.16;27.82;28.98;33.84;37.38
0.512364456;288.902999461;2021-11-24 12:17:48.289;24.48;24.92;25.32;26.16;27.82;28.98;33.84;37.38
0.512365556;288.997999951;2021-11-24 12:17:48.384;24.48;24.92;25.32;26.16;27.82;28.98;33.74;37.38
0.512365741;289.013999538;2021-11-24 12:17:48.400;24.48;24.92;25.32;26.16;27.82;28.98;33.74;37.66
0.512376215;289.918999909;2021-11-24 12:17:49.305;24.48;24.84;25.32;26.16;27.82;28.98;33.74;37.66
0.512377315;290.013999771;2021-11-24 12:17:49.400;24.48;24.84;25.32;26.16;27.82;28.98;33.74;37.98
0.512387789;290.918999515;2021-11-24 12:17:50.305;24.48;24.92;25.32;26.16;27.82;28.98;33.74;37.98
0.512388727;290.999999503;2021-11-24 12:17:50.386;24.48;24.92;25.32;26.16;27.82;28.98;33.68;37.98
0.512388912;291.015999718;2021-11-24 12:17:50.402;24.48;24.92;25.32;26.16;27.82;28.98;33.68;37.92
0.512399178;291.902999533;2021-11-24 12:17:51.289;24.56;24.92;25.32;26.16;27.82;28.98;33.68;37.92
0.512400093;291.981999809;2021-11-24 12:17:51.368;24.56;24.92;25.32;26.16;27.82;29.06;33.68;37.92
0.512400278;291.998000024;2021-11-24 12:17:51.384;24.56;24.92;25.32;26.16;27.82;29.06;33.76;37.92
0.512411898;293.001999683;2021-11-24 12:17:52.388;24.56;24.92;25.32;26.16;27.82;29.06;33.68;37.92
0.512412083;293.017999898;2021-11-24 12:17:52.404;24.56;24.92;25.32;26.16;27.82;29.06;33.68;37.7
0.512422315;293.901999830;2021-11-24 12:17:53.288;24.62;24.92;25.32;26.16;27.82;29.06;33.68;37.7
0.512423241;293.981999648;2021-11-24 12:17:53.368;24.62;24.92;25.32;26.16;27.82;28.94;33.68;37.7
0.512423426;293.997999863;2021-11-24 12:17:53.384;24.62;24.92;25.32;26.16;27.82;28.94;33.62;37.7
0.512433889;294.901999435;2021-11-24 12:17:54.288;24.68;24.92;25.32;26.16;27.82;28.94;33.62;37.7
0.512434271;294.935000036;2021-11-24 12:17:54.321;24.68;24.92;25.38;26.16;27.82;28.94;33.62;37.7
0.512434826;294.982999423;2021-11-24 12:17:54.369;24.68;24.92;25.38;26.16;27.82;29.02;33.62;37.7
0.512435185;295.013999683;2021-11-24 12:17:54.400;24.68;24.92;25.38;26.16;27.82;29.02;33.62;37.76
0.512445845;295.934999641;2021-11-24 12:17:55.321;24.68;24.92;25.32;26.16;27.82;29.02;33.62;37.76
0.512446400;295.982999657;2021-11-24 12:17:55.369;24.68;24.92;25.32;26.16;27.82;28.96;33.62;37.76
0.512446771;296.014999459;2021-11-24 12:17:55.401;24.68;24.92;25.32;26.16;27.82;28.96;33.62;37.94
0.512458380;297.017999575;2021-11-24 12:17:56.404;24.68;24.92;25.32;26.16;27.82;28.96;33.62;38.1
0.512468993;297.934999480;2021-11-24 12:17:57.321;24.68;24.92;25.42;26.16;27.82;28.96;33.62;38.1
0.512469190;297.951999865;2021-11-24 12:17:57.338;24.68;24.92;25.42;26.22;27.82;28.96;33.62;38.1
0.512469387;297.968999622;2021-11-24 12:17:57.355;24.68;24.92;25.42;26.22;27.92;28.96;33.62;38.1
0.512469572;297.984999837;2021-11-24 12:17:57.371;24.68;24.92;25.42;26.22;27.92;29.06;33.62;38.1
0.512469942;298.016999639;2021-11-24 12:17:57.403;24.68;24.92;25.42;26.22;27.92;29.06;33.62;38.44
0.512480961;298.968999856;2021-11-24 12:17:58.355;24.68;24.92;25.42;26.22;27.82;29.06;33.62;38.44
0.512481146;298.984999442;2021-11-24 12:17:58.371;24.68;24.92;25.42;26.22;27.82;28.98;33.62;38.44
0.512481331;299.000999657;2021-11-24 12:17:58.387;24.68;24.92;25.42;26.22;27.82;28.98;33.5;38.44
0.512481516;299.016999872;2021-11-24 12:17:58.403;24.68;24.92;25.42;26.22;27.82;28.98;33.5;38.28
0.512493102;300.017999648;2021-11-24 12:17:59.404;24.68;24.92;25.42;26.22;27.82;28.98;33.5;38.16
0.512504468;300.999999954;2021-11-24 12:18:00.386;24.68;24.92;25.42;26.22;27.82;28.98;33.44;38.16
0.512516250;302.017999487;2021-11-24 12:18:01.404;24.68;24.92;25.42;26.22;27.82;28.98;33.44;37.18
0.512526678;302.918999805;2021-11-24 12:18:02.305;24.68;25.00;25.42;26.22;27.82;28.98;33.44;37.18
0.512527234;302.966999821;2021-11-24 12:18:02.353;24.68;25.00;25.42;26.22;27.92;28.98;33.44;37.18
0.512527419;302.983000036;2021-11-24 12:18:02.369;24.68;25.00;25.42;26.22;27.92;29.04;33.44;37.18
0.512527789;303.014999838;2021-11-24 12:18:02.401;24.68;25.00;25.42;26.22;27.92;29.04;33.44;36.62
0.512538056;303.901999653;2021-11-24 12:18:03.288;24.54;25.00;25.42;26.22;27.92;29.04;33.44;36.62
0.512538993;303.982999641;2021-11-24 12:18:03.369;24.54;25.00;25.42;26.22;27.92;28.98;33.44;36.62
0.512539352;304.013999901;2021-11-24 12:18:03.400;24.54;25.00;25.42;26.22;27.92;28.98;33.44;36.34
0.512549630;304.901999887;2021-11-24 12:18:04.288;24.48;25.00;25.42;26.22;27.92;28.98;33.44;36.34
0.512550741;304.997999920;2021-11-24 12:18:04.384;24.48;25.00;25.42;26.22;27.92;28.98;33.36;36.34
0.512561215;305.902999663;2021-11-24 12:18:05.289;24.42;25.00;25.42;26.22;27.92;28.98;33.36;36.34
0.512561956;305.966999894;2021-11-24 12:18:05.353;24.42;25.00;25.42;26.22;27.86;28.98;33.36;36.34
0.512573935;307.001999812;2021-11-24 12:18:06.388;24.42;25.00;25.42;26.22;27.86;28.98;33.3;36.34
0.512574120;307.018000027;2021-11-24 12:18:06.404;24.42;25.00;25.42;26.22;27.86;28.98;33.3;36.4
0.512584549;307.918999717;2021-11-24 12:18:07.305;24.42;24.94;25.42;26.22;27.86;28.98;33.3;36.4
0.512585671;308.015999920;2021-11-24 12:18:07.402;24.42;24.94;25.42;26.22;27.86;28.98;33.3;36.24
0.512595938;308.902999735;2021-11-24 12:18:08.289;24.48;24.94;25.42;26.22;27.86;28.98;33.3;36.24
0.512597049;308.998999768;2021-11-24 12:18:08.385;24.48;24.94;25.42;26.22;27.86;28.98;33.2;36.24
0.512597222;309.013999812;2021-11-24 12:18:08.400;24.48;24.94;25.42;26.22;27.86;28.98;33.2;36.02
0.512608843;310.017999471;2021-11-24 12:18:09.404;24.48;24.94;25.42;26.22;27.86;28.98;33.2;36.08
0.512619271;310.918999789;2021-11-24 12:18:10.305;24.48;24.86;25.42;26.22;27.86;28.98;33.2;36.08
0.512631806;312.001999724;2021-11-24 12:18:11.388;24.48;24.86;25.42;26.22;27.86;28.98;33.1;36.08
0.512631991;312.017999939;2021-11-24 12:18:11.404;24.48;24.86;25.42;26.22;27.86;28.98;33.1;36.16
0.512642604;312.934999843;2021-11-24 12:18:12.321;24.48;24.86;25.36;26.22;27.86;28.98;33.1;36.16
0.512643553;313.017000002;2021-11-24 12:18:12.403;24.48;24.86;25.36;26.22;27.86;28.98;33.1;36.26
0.512653808;313.902999647;2021-11-24 12:18:13.289;24.54;24.86;25.36;26.22;27.86;28.98;33.1;36.26
0.512654919;313.998999679;2021-11-24 12:18:13.385;24.54;24.86;25.36;26.22;27.86;28.98;33.04;36.26
0.512655104;314.014999894;2021-11-24 12:18:13.401;24.54;24.86;25.36;26.22;27.86;28.98;33.04;36.32
0.512665567;314.918999467;2021-11-24 12:18:14.305;24.54;24.92;25.36;26.22;27.86;28.98;33.04;36.32
0.512666678;315.014999500;2021-11-24 12:18:14.401;24.54;24.92;25.36;26.22;27.86;28.98;33.04;36.26
0.512677905;315.984999645;2021-11-24 12:18:15.371;24.54;24.92;25.36;26.22;27.86;29.04;33.04;36.26
0.512678287;316.017999616;2021-11-24 12:18:15.404;24.54;24.92;25.36;26.22;27.86;29.04;33.04;36.1
0.512688900;316.934999521;2021-11-24 12:18:16.321;24.54;24.92;25.42;26.22;27.86;29.04;33.04;36.1
0.512689664;317.000999465;2021-11-24 12:18:16.387;24.54;24.92;25.42;26.22;27.86;29.04;32.96;36.1
0.512700104;317.902999953;2021-11-24 12:18:17.289;24.48;24.92;25.42;26.22;27.86;29.04;32.96;36.1
0.512712234;318.950999575;2021-11-24 12:18:18.337;24.48;24.92;25.42;26.28;27.86;29.04;32.96;36.1
0.512712604;318.983000005;2021-11-24 12:18:18.369;24.48;24.92;25.42;26.28;27.86;28.96;32.96;36.1
0.512712789;318.998999591;2021-11-24 12:18:18.385;24.48;24.92;25.42;26.28;27.86;28.96;32.9;36.1
0.512712975;319.014999806;2021-11-24 12:18:18.401;24.48;24.92;25.42;26.28;27.86;28.96;32.9;35.78
0.512724560;320.015999582;2021-11-24 12:18:19.402;24.48;24.92;25.42;26.28;27.86;28.96;32.9;35.24
0.512735972;321.001999942;2021-11-24 12:18:20.388;24.48;24.92;25.42;26.28;27.86;28.96;32.82;35.24
0.512736157;321.017999528;2021-11-24 12:18:20.404;24.48;24.92;25.42;26.28;27.86;28.96;32.82;34.84
0.512747731;322.017999762;2021-11-24 12:18:21.404;24.48;24.92;25.42;26.28;27.86;28.96;32.82;34.18
0.512758160;322.918999451;2021-11-24 12:18:22.305;24.48;24.98;25.42;26.28;27.86;28.96;32.82;34.18
0.512758345;322.934999666;2021-11-24 12:18:22.321;24.48;24.98;25.48;26.28;27.86;28.96;32.82;34.18
0.512758900;322.982999682;2021-11-24 12:18:22.369;24.48;24.98;25.48;26.28;27.86;29.02;32.82;34.18
0.512759271;323.014999484;2021-11-24 12:18:22.401;24.48;24.98;25.48;26.28;27.86;29.02;32.82;33.94
0.512770880;324.017999601;2021-11-24 12:18:23.404;24.48;24.98;25.48;26.28;27.86;29.02;32.82;33.7
0.512781308;324.918999919;2021-11-24 12:18:24.305;24.48;25.08;25.48;26.28;27.86;29.02;32.82;33.7
0.512781493;324.934999505;2021-11-24 12:18:24.321;24.48;25.08;25.54;26.28;27.86;29.02;32.82;33.7
0.512781678;324.950999720;2021-11-24 12:18:24.337;24.48;25.08;25.54;26.36;27.86;29.02;32.82;33.7
0.512781863;324.966999935;2021-11-24 12:18:24.353;24.48;25.08;25.54;26.36;27.94;29.02;32.82;33.7
0.512782049;324.982999521;2021-11-24 12:18:24.369;24.48;25.08;25.54;26.36;27.94;29.08;32.82;33.7
0.512782419;325.014999951;2021-11-24 12:18:24.401;24.48;25.08;25.54;26.36;27.94;29.08;32.82;33.32
0.512792697;325.902999938;2021-11-24 12:18:25.289;24.56;25.08;25.54;26.36;27.94;29.08;32.82;33.32
0.512792882;325.918999524;2021-11-24 12:18:25.305;24.56;25.02;25.54;26.36;27.94;29.08;32.82;33.32
0.512793067;325.934999739;2021-11-24 12:18:25.321;24.56;25.02;25.48;26.36;27.94;29.08;32.82;33.32
0.512793437;325.966999540;2021-11-24 12:18:25.353;24.56;25.02;25.48;26.36;27.88;29.08;32.82;33.32
0.512793623;325.982999755;2021-11-24 12:18:25.369;24.56;25.02;25.48;26.36;27.88;29.02;32.82;33.32
0.512793808;325.998999970;2021-11-24 12:18:25.385;24.56;25.02;25.48;26.36;27.88;29.02;32.74;33.32
0.512793993;326.014999556;2021-11-24 12:18:25.401;24.56;25.02;25.48;26.36;27.88;29.02;32.74;32.92
0.512804826;326.950999559;2021-11-24 12:18:26.337;24.56;25.02;25.48;26.3;27.88;29.02;32.74;32.92
0.512805590;327.016999503;2021-11-24 12:18:26.403;24.56;25.02;25.48;26.3;27.88;29.02;32.74;32.68
0.512817176;328.017999907;2021-11-24 12:18:27.404;24.56;25.02;25.48;26.3;27.88;29.02;32.74;32.76
0.512827604;328.918999596;2021-11-24 12:18:28.305;24.56;24.96;25.48;26.3;27.88;29.02;32.74;32.76
0.512828530;328.999000043;2021-11-24 12:18:28.385;24.56;24.96;25.48;26.3;27.88;29.02;32.6;32.76
0.512828715;329.014999629;2021-11-24 12:18:28.401;24.56;24.96;25.48;26.3;27.88;29.02;32.6;32.9
0.512851123;330.950999865;2021-11-24 12:18:30.337;24.56;24.96;25.48;26.36;27.88;29.02;32.6;32.9
0.512851875;331.015999638;2021-11-24 12:18:30.402;24.56;24.96;25.48;26.36;27.88;29.02;32.6;32.98
0.512863264;331.999999657;2021-11-24 12:18:31.386;24.56;24.96;25.48;26.36;27.88;29.02;32.52;32.98
0.512873715;332.902999688;2021-11-24 12:18:32.289;24.48;24.96;25.48;26.36;27.88;29.02;32.52;32.98
0.512875000;333.013999765;2021-11-24 12:18:32.400;24.48;24.96;25.48;26.36;27.88;29.02;32.52;32.76
0.512886597;334.015999711;2021-11-24 12:18:33.402;24.48;24.96;25.48;26.36;27.88;29.02;32.52;32.16
0.512896863;334.902999527;2021-11-24 12:18:34.289;24.54;24.96;25.48;26.36;27.88;29.02;32.52;32.16
0.512898171;335.015999945;2021-11-24 12:18:34.402;24.54;24.96;25.48;26.36;27.88;29.02;32.52;32.1
0.512908623;335.918999976;2021-11-24 12:18:35.305;24.54;25.02;25.48;26.36;27.88;29.02;32.52;32.1
0.512908808;335.934999562;2021-11-24 12:18:35.321;24.54;25.02;25.54;26.36;27.88;29.02;32.52;32.1
0.512909572;336.000999506;2021-11-24 12:18:35.387;24.54;25.02;25.54;26.36;27.88;29.02;32.46;32.1
0.512920012;336.902999994;2021-11-24 12:18:36.289;24.62;25.02;25.54;26.36;27.88;29.02;32.46;32.1
0.512921146;337.000999739;2021-11-24 12:18:36.387;24.62;25.02;25.54;26.36;27.88;29.02;32.4;32.1
0.512931586;337.902999599;2021-11-24 12:18:37.289;24.68;25.02;25.54;26.36;27.88;29.02;32.4;32.1
0.512932870;338.013999676;2021-11-24 12:18:37.400;24.68;25.02;25.54;26.36;27.88;29.02;32.4;31.72
0.512943160;338.902999833;2021-11-24 12:18:38.289;24.74;25.02;25.54;26.36;27.88;29.02;32.4;31.72
0.512943345;338.919000048;2021-11-24 12:18:38.305;24.74;25.1;25.54;26.36;27.88;29.02;32.4;31.72
0.512944456;339.014999452;2021-11-24 12:18:38.401;24.74;25.1;25.54;26.36;27.88;29.02;32.4;31.58
0.512955856;339.999999641;2021-11-24 12:18:39.386;24.74;25.1;25.54;26.36;27.88;29.02;32.34;31.58
0.512956042;340.015999856;2021-11-24 12:18:39.402;24.74;25.1;25.54;26.36;27.88;29.02;32.34;31.36
0.512966308;340.902999672;2021-11-24 12:18:40.289;24.8;25.1;25.54;26.36;27.88;29.02;32.34;31.36
0.512966863;340.950999688;2021-11-24 12:18:40.337;24.8;25.1;25.54;26.42;27.88;29.02;32.34;31.36
0.512967593;341.013999749;2021-11-24 12:18:40.400;24.8;25.1;25.54;26.42;27.88;29.02;32.34;30.88
0.512978796;341.981999553;2021-11-24 12:18:41.368;24.8;25.1;25.54;26.42;27.88;29.1;32.34;30.88
0.512979167;342.013999983;2021-11-24 12:18:41.400;24.8;25.1;25.54;26.42;27.88;29.1;32.34;30.52
0.512989456;342.902999511;2021-11-24 12:18:42.289;24.86;25.1;25.54;26.42;27.88;29.1;32.34;30.52
0.512990382;342.982999957;2021-11-24 12:18:42.369;24.86;25.1;25.54;26.42;27.88;28.98;32.34;30.52
0.512990556;342.998000002;2021-11-24 12:18:42.384;24.86;25.1;25.54;26.42;27.88;28.98;32.24;30.52
0.513001979;343.984999903;2021-11-24 12:18:43.371;24.86;25.1;25.54;26.42;27.88;28.92;32.24;30.52
0.513002350;344.016999705;2021-11-24 12:18:43.403;24.86;25.1;25.54;26.42;27.88;28.92;32.24;30.32
0.513013160;344.950999995;2021-11-24 12:18:44.337;24.86;25.1;25.54;26.36;27.88;28.92;32.24;30.32
0.513013738;345.000999724;2021-11-24 12:18:44.387;24.86;25.1;25.54;26.36;27.88;28.92;32.18;30.32
0.513013924;345.016999938;2021-11-24 12:18:44.403;24.86;25.1;25.54;26.36;27.88;28.92;32.18;30.16
0.513025116;345.983999572;2021-11-24 12:18:45.370;24.86;25.1;25.54;26.36;27.88;29.00;32.18;30.16
0.513025486;346.016000002;2021-11-24 12:18:45.402;24.86;25.1;25.54;26.36;27.88;29.00;32.18;29.88
0.513037083;347.017999948;2021-11-24 12:18:46.404;24.86;25.1;25.54;26.36;27.88;29.00;32.18;29.94
0.513048472;348.001999967;2021-11-24 12:18:47.388;24.86;25.1;25.54;26.36;27.88;29.00;32.12;29.94
0.513048657;348.017999553;2021-11-24 12:18:47.404;24.86;25.1;25.54;26.36;27.88;29.00;32.12;29.88
0.513059861;348.985999986;2021-11-24 12:18:48.372;24.86;25.1;25.54;26.36;27.88;28.94;32.12;29.88
0.513060046;349.001999572;2021-11-24 12:18:48.388;24.86;25.1;25.54;26.36;27.88;28.94;32.04;29.88
0.513060231;349.017999787;2021-11-24 12:18:48.404;24.86;25.1;25.54;26.36;27.88;28.94;32.04;30.1
0.513071238;349.968999834;2021-11-24 12:18:49.355;24.86;25.1;25.54;26.36;27.82;28.94;32.04;30.1
0.513071806;350.018000021;2021-11-24 12:18:49.404;24.86;25.1;25.54;26.36;27.82;28.94;32.04;30.36
0.513082049;350.902999495;2021-11-24 12:18:50.289;24.92;25.1;25.54;26.36;27.82;28.94;32.04;30.36
0.513082234;350.918999710;2021-11-24 12:18:50.305;24.92;25.04;25.54;26.36;27.82;28.94;32.04;30.36
0.513083160;350.998999528;2021-11-24 12:18:50.385;24.92;25.04;25.54;26.36;27.82;28.94;31.98;30.36
0.513106343;353.001999878;2021-11-24 12:18:52.388;24.92;25.04;25.54;26.36;27.82;28.94;31.92;30.36
0.513106528;353.017999465;2021-11-24 12:18:52.404;24.92;25.04;25.54;26.36;27.82;28.94;31.92;30.44
0.513118090;354.016999528;2021-11-24 12:18:53.403;24.92;25.04;25.54;26.36;27.82;28.94;31.92;30.58
0.513140486;355.951999593;2021-11-24 12:18:55.338;24.92;25.04;25.54;26.42;27.82;28.94;31.92;30.58
0.513141238;356.016999995;2021-11-24 12:18:55.403;24.92;25.04;25.54;26.42;27.82;28.94;31.92;30.16
0.513152708;357.007999951;2021-11-24 12:18:56.394;24.92;25.04;25.54;26.42;27.82;28.94;31.86;30.16
0.513152894;357.023999537;2021-11-24 12:18:56.410;24.92;25.04;25.54;26.42;27.82;28.94;31.86;29.72
0.513163808;357.966999477;2021-11-24 12:18:57.353;24.92;25.04;25.54;26.42;27.9;28.94;31.86;29.72
0.513164005;357.983999862;2021-11-24 12:18:57.370;24.92;25.04;25.54;26.42;27.9;29.04;31.86;29.72
0.513164375;358.015999664;2021-11-24 12:18:57.402;24.92;25.04;25.54;26.42;27.9;29.04;31.86;29.52
0.513174826;358.918999694;2021-11-24 12:18:58.305;24.92;25.1;25.54;26.42;27.9;29.04;31.86;29.52
0.513175012;358.934999909;2021-11-24 12:18:58.321;24.92;25.1;25.6;26.42;27.9;29.04;31.86;29.52
0.513175752;358.998999512;2021-11-24 12:18:58.385;24.92;25.1;25.6;26.42;27.9;29.04;31.78;29.52
0.513175937;359.014999727;2021-11-24 12:18:58.401;24.92;25.1;25.6;26.42;27.9;29.04;31.78;29.16
0.513187535;360.016999673;2021-11-24 12:18:59.403;24.92;25.1;25.6;26.42;27.9;29.04;31.78;28.96
0.513197789;360.902999947;2021-11-24 12:19:00.289;24.98;25.1;25.6;26.42;27.9;29.04;31.78;28.96
0.513197975;360.918999533;2021-11-24 12:19:00.305;24.98;25.16;25.6;26.42;27.9;29.04;31.78;28.96
0.513198912;360.999999521;2021-11-24 12:19:00.386;24.98;25.16;25.6;26.42;27.9;29.04;31.72;28.96
0.513199097;361.015999736;2021-11-24 12:19:00.402;24.98;25.16;25.6;26.42;27.9;29.04;31.72;28.88
0.513210289;361.982999998;2021-11-24 12:19:01.369;24.98;25.16;25.6;26.42;27.9;29.14;31.72;28.88
0.513210671;362.015999970;2021-11-24 12:19:01.402;24.98;25.16;25.6;26.42;27.9;29.14;31.72;28.76
0.513222245;363.015999575;2021-11-24 12:19:02.402;24.98;25.16;25.6;26.42;27.9;29.14;31.72;28.64
0.513232882;363.934999821;2021-11-24 12:19:03.321;24.98;25.16;25.66;26.42;27.9;29.14;31.72;28.64
0.513233808;364.014999638;2021-11-24 12:19:03.401;24.98;25.16;25.66;26.42;27.9;29.14;31.72;28.52
0.513244444;364.933999884;2021-11-24 12:19:04.320;24.98;25.16;25.6;26.42;27.9;29.14;31.72;28.52
0.513244641;364.950999641;2021-11-24 12:19:04.337;24.98;25.16;25.6;26.36;27.9;29.14;31.72;28.52
0.513244826;364.966999856;2021-11-24 12:19:04.353;24.98;25.16;25.6;26.36;27.8;29.14;31.72;28.52
0.513245012;364.982999442;2021-11-24 12:19:04.369;24.98;25.16;25.6;26.36;27.8;29.02;31.72;28.52
0.513245197;364.998999657;2021-11-24 12:19:04.385;24.98;25.16;25.6;26.36;27.8;29.02;31.6;28.52
0.513245382;365.014999872;2021-11-24 12:19:04.401;24.98;25.16;25.6;26.36;27.8;29.02;31.6;28.62
0.513255845;365.918999445;2021-11-24 12:19:05.305;24.98;25.1;25.6;26.36;27.8;29.02;31.6;28.62
0.513256979;366.016999818;2021-11-24 12:19:05.403;24.98;25.1;25.6;26.36;27.8;29.02;31.6;28.5
0.513267222;366.901999922;2021-11-24 12:19:06.288;25.04;25.1;25.6;26.36;27.8;29.02;31.6;28.5
0.513267407;366.917999508;2021-11-24 12:19:06.304;25.04;25.22;25.6;26.36;27.8;29.02;31.6;28.5
0.513267593;366.933999723;2021-11-24 12:19:06.320;25.04;25.22;25.66;26.36;27.8;29.02;31.6;28.5
0.513267778;366.949999938;2021-11-24 12:19:06.336;25.04;25.22;25.66;26.42;27.8;29.02;31.6;28.5
0.513267963;366.965999524;2021-11-24 12:19:06.352;25.04;25.22;25.66;26.42;27.86;29.02;31.6;28.5
0.513268148;366.981999739;2021-11-24 12:19:06.368;25.04;25.22;25.66;26.42;27.86;29.08;31.6;28.5
0.513268519;367.013999540;2021-11-24 12:19:06.400;25.04;25.22;25.66;26.42;27.86;29.08;31.6;28.34
0.513278796;367.901999527;2021-11-24 12:19:07.288;24.98;25.22;25.66;26.42;27.86;29.08;31.6;28.34
0.513279722;367.981999973;2021-11-24 12:19:07.368;24.98;25.22;25.66;26.42;27.86;29.02;31.6;28.34
0.513279907;367.997999559;2021-11-24 12:19:07.384;24.98;25.22;25.66;26.42;27.86;29.02;31.5;28.34
0.513280093;368.013999774;2021-11-24 12:19:07.400;24.98;25.22;25.66;26.42;27.86;29.02;31.5;28.4
